prefecture_name,subprefecture_name,district_name,municipality_name,ward_name,municipality_code
北海道,石狩振興局,NA,札幌市,中央区,01101
北海道,石狩振興局,NA,札幌市,北区,01102
北海道,石狩振興局,NA,札幌市,東区,01103
北海道,石狩振興局,NA,札幌市,白石区,01104
北海道,石狩振興局,NA,札幌市,豊平区,01105
北海道,石狩振興局,NA,札幌市,南区,01106
北海道,石狩振興局,NA,札幌市,西区,01107
北海道,石狩振興局,NA,札幌市,厚別区,01108
北海道,石狩振興局,NA,札幌市,手稲区,01109
北海道,石狩振興局,NA,札幌市,清田区,01110
北海道,渡島総合振興局,NA,函館市,NA,01202
北海道,後志総合振興局,NA,小樽市,NA,01203
北海道,上川総合振興局,NA,旭川市,NA,01204
北海道,胆振総合振興局,NA,室蘭市,NA,01205
北海道,釧路総合振興局,NA,釧路市,NA,01206
北海道,十勝総合振興局,NA,帯広市,NA,01207
北海道,オホーツク総合振興局,NA,北見市,NA,01208
北海道,空知総合振興局,NA,夕張市,NA,01209
北海道,空知総合振興局,NA,岩見沢市,NA,01210
北海道,オホーツク総合振興局,NA,網走市,NA,01211
北海道,留萌振興局,NA,留萌市,NA,01212
北海道,胆振総合振興局,NA,苫小牧市,NA,01213
北海道,宗谷総合振興局,NA,稚内市,NA,01214
北海道,空知総合振興局,NA,美唄市,NA,01215
北海道,空知総合振興局,NA,芦別市,NA,01216
北海道,石狩振興局,NA,江別市,NA,01217
北海道,空知総合振興局,NA,赤平市,NA,01218
北海道,オホーツク総合振興局,NA,紋別市,NA,01219
北海道,上川総合振興局,NA,士別市,NA,01220
北海道,上川総合振興局,NA,名寄市,NA,01221
北海道,空知総合振興局,NA,三笠市,NA,01222
北海道,根室振興局,NA,根室市,NA,01223
北海道,石狩振興局,NA,千歳市,NA,01224
北海道,空知総合振興局,NA,滝川市,NA,01225
北海道,空知総合振興局,NA,砂川市,NA,01226
北海道,空知総合振興局,NA,歌志内市,NA,01227
北海道,空知総合振興局,NA,深川市,NA,01228
北海道,上川総合振興局,NA,富良野市,NA,01229
北海道,胆振総合振興局,NA,登別市,NA,01230
北海道,石狩振興局,NA,恵庭市,NA,01231
北海道,胆振総合振興局,NA,伊達市,NA,01233
北海道,石狩振興局,NA,北広島市,NA,01234
北海道,石狩振興局,NA,石狩市,NA,01235
北海道,渡島総合振興局,NA,北斗市,NA,01236
北海道,石狩振興局,石狩郡,当別町,NA,01303
北海道,石狩振興局,石狩郡,新篠津村,NA,01304
北海道,渡島総合振興局,松前郡,松前町,NA,01331
北海道,渡島総合振興局,松前郡,福島町,NA,01332
北海道,渡島総合振興局,上磯郡,知内町,NA,01333
北海道,渡島総合振興局,上磯郡,木古内町,NA,01334
北海道,渡島総合振興局,亀田郡,七飯町,NA,01337
北海道,渡島総合振興局,茅部郡,鹿部町,NA,01343
北海道,渡島総合振興局,茅部郡,森町,NA,01345
北海道,渡島総合振興局,二海郡,八雲町,NA,01346
北海道,渡島総合振興局,山越郡,長万部町,NA,01347
北海道,檜山振興局,檜山郡,江差町,NA,01361
北海道,檜山振興局,檜山郡,上ノ国町,NA,01362
北海道,檜山振興局,檜山郡,厚沢部町,NA,01363
北海道,檜山振興局,爾志郡,乙部町,NA,01364
北海道,檜山振興局,奥尻郡,奥尻町,NA,01367
北海道,檜山振興局,瀬棚郡,今金町,NA,01370
北海道,檜山振興局,久遠郡,せたな町,NA,01371
北海道,後志総合振興局,島牧郡,島牧村,NA,01391
北海道,後志総合振興局,寿都郡,寿都町,NA,01392
北海道,後志総合振興局,寿都郡,黒松内町,NA,01393
北海道,後志総合振興局,磯谷郡,蘭越町,NA,01394
北海道,後志総合振興局,虻田郡,ニセコ町,NA,01395
北海道,後志総合振興局,虻田郡,真狩村,NA,01396
北海道,後志総合振興局,虻田郡,留寿都村,NA,01397
北海道,後志総合振興局,虻田郡,喜茂別町,NA,01398
北海道,後志総合振興局,虻田郡,京極町,NA,01399
北海道,後志総合振興局,虻田郡,倶知安町,NA,01400
北海道,後志総合振興局,岩内郡,共和町,NA,01401
北海道,後志総合振興局,岩内郡,岩内町,NA,01402
北海道,後志総合振興局,古宇郡,泊村,NA,01403
北海道,後志総合振興局,古宇郡,神恵内村,NA,01404
北海道,後志総合振興局,積丹郡,積丹町,NA,01405
北海道,後志総合振興局,古平郡,古平町,NA,01406
北海道,後志総合振興局,余市郡,仁木町,NA,01407
北海道,後志総合振興局,余市郡,余市町,NA,01408
北海道,後志総合振興局,余市郡,赤井川村,NA,01409
北海道,空知総合振興局,空知郡,南幌町,NA,01423
北海道,空知総合振興局,空知郡,奈井江町,NA,01424
北海道,空知総合振興局,空知郡,上砂川町,NA,01425
北海道,空知総合振興局,夕張郡,由仁町,NA,01427
北海道,空知総合振興局,夕張郡,長沼町,NA,01428
北海道,空知総合振興局,夕張郡,栗山町,NA,01429
北海道,空知総合振興局,樺戸郡,月形町,NA,01430
北海道,空知総合振興局,樺戸郡,浦臼町,NA,01431
北海道,空知総合振興局,樺戸郡,新十津川町,NA,01432
北海道,空知総合振興局,雨竜郡,妹背牛町,NA,01433
北海道,空知総合振興局,雨竜郡,秩父別町,NA,01434
北海道,空知総合振興局,雨竜郡,雨竜町,NA,01436
北海道,空知総合振興局,雨竜郡,北竜町,NA,01437
北海道,空知総合振興局,雨竜郡,沼田町,NA,01438
北海道,上川総合振興局,上川郡,鷹栖町,NA,01452
北海道,上川総合振興局,上川郡,東神楽町,NA,01453
北海道,上川総合振興局,上川郡,当麻町,NA,01454
北海道,上川総合振興局,上川郡,比布町,NA,01455
北海道,上川総合振興局,上川郡,愛別町,NA,01456
北海道,上川総合振興局,上川郡,上川町,NA,01457
北海道,上川総合振興局,上川郡,東川町,NA,01458
北海道,上川総合振興局,上川郡,美瑛町,NA,01459
北海道,上川総合振興局,空知郡,上富良野町,NA,01460
北海道,上川総合振興局,空知郡,中富良野町,NA,01461
北海道,上川総合振興局,空知郡,南富良野町,NA,01462
北海道,上川総合振興局,勇払郡,占冠村,NA,01463
北海道,上川総合振興局,上川郡,和寒町,NA,01464
北海道,上川総合振興局,上川郡,剣淵町,NA,01465
北海道,上川総合振興局,上川郡,下川町,NA,01468
北海道,上川総合振興局,中川郡,美深町,NA,01469
北海道,上川総合振興局,中川郡,音威子府村,NA,01470
北海道,上川総合振興局,中川郡,中川町,NA,01471
北海道,上川総合振興局,雨竜郡,幌加内町,NA,01472
北海道,留萌振興局,増毛郡,増毛町,NA,01481
北海道,留萌振興局,留萌郡,小平町,NA,01482
北海道,留萌振興局,苫前郡,苫前町,NA,01483
北海道,留萌振興局,苫前郡,羽幌町,NA,01484
北海道,留萌振興局,苫前郡,初山別村,NA,01485
北海道,留萌振興局,天塩郡,遠別町,NA,01486
北海道,留萌振興局,天塩郡,天塩町,NA,01487
北海道,宗谷総合振興局,宗谷郡,猿払村,NA,01511
北海道,宗谷総合振興局,枝幸郡,浜頓別町,NA,01512
北海道,宗谷総合振興局,枝幸郡,中頓別町,NA,01513
北海道,宗谷総合振興局,枝幸郡,枝幸町,NA,01514
北海道,宗谷総合振興局,天塩郡,豊富町,NA,01516
北海道,宗谷総合振興局,礼文郡,礼文町,NA,01517
北海道,宗谷総合振興局,利尻郡,利尻町,NA,01518
北海道,宗谷総合振興局,利尻郡,利尻富士町,NA,01519
北海道,宗谷総合振興局,天塩郡,幌延町,NA,01520
北海道,オホーツク総合振興局,網走郡,美幌町,NA,01543
北海道,オホーツク総合振興局,網走郡,津別町,NA,01544
北海道,オホーツク総合振興局,斜里郡,斜里町,NA,01545
北海道,オホーツク総合振興局,斜里郡,清里町,NA,01546
北海道,オホーツク総合振興局,斜里郡,小清水町,NA,01547
北海道,オホーツク総合振興局,常呂郡,訓子府町,NA,01549
北海道,オホーツク総合振興局,常呂郡,置戸町,NA,01550
北海道,オホーツク総合振興局,常呂郡,佐呂間町,NA,01552
北海道,オホーツク総合振興局,紋別郡,遠軽町,NA,01555
北海道,オホーツク総合振興局,紋別郡,湧別町,NA,01559
北海道,オホーツク総合振興局,紋別郡,滝上町,NA,01560
北海道,オホーツク総合振興局,紋別郡,興部町,NA,01561
北海道,オホーツク総合振興局,紋別郡,西興部村,NA,01562
北海道,オホーツク総合振興局,紋別郡,雄武町,NA,01563
北海道,オホーツク総合振興局,網走郡,大空町,NA,01564
北海道,胆振総合振興局,虻田郡,豊浦町,NA,01571
北海道,胆振総合振興局,有珠郡,壮瞥町,NA,01575
北海道,胆振総合振興局,白老郡,白老町,NA,01578
北海道,胆振総合振興局,勇払郡,厚真町,NA,01581
北海道,胆振総合振興局,虻田郡,洞爺湖町,NA,01584
北海道,胆振総合振興局,勇払郡,安平町,NA,01585
北海道,胆振総合振興局,勇払郡,むかわ町,NA,01586
北海道,日高振興局,沙流郡,日高町,NA,01601
北海道,日高振興局,沙流郡,平取町,NA,01602
北海道,日高振興局,新冠郡,新冠町,NA,01604
北海道,日高振興局,浦河郡,浦河町,NA,01607
北海道,日高振興局,様似郡,様似町,NA,01608
北海道,日高振興局,幌泉郡,えりも町,NA,01609
北海道,日高振興局,日高郡,新ひだか町,NA,01610
北海道,十勝総合振興局,河東郡,音更町,NA,01631
北海道,十勝総合振興局,河東郡,士幌町,NA,01632
北海道,十勝総合振興局,河東郡,上士幌町,NA,01633
北海道,十勝総合振興局,河東郡,鹿追町,NA,01634
北海道,十勝総合振興局,上川郡,新得町,NA,01635
北海道,十勝総合振興局,上川郡,清水町,NA,01636
北海道,十勝総合振興局,河西郡,芽室町,NA,01637
北海道,十勝総合振興局,河西郡,中札内村,NA,01638
北海道,十勝総合振興局,河西郡,更別村,NA,01639
北海道,十勝総合振興局,広尾郡,大樹町,NA,01641
北海道,十勝総合振興局,広尾郡,広尾町,NA,01642
北海道,十勝総合振興局,中川郡,幕別町,NA,01643
北海道,十勝総合振興局,中川郡,池田町,NA,01644
北海道,十勝総合振興局,中川郡,豊頃町,NA,01645
北海道,十勝総合振興局,中川郡,本別町,NA,01646
北海道,十勝総合振興局,足寄郡,足寄町,NA,01647
北海道,十勝総合振興局,足寄郡,陸別町,NA,01648
北海道,十勝総合振興局,十勝郡,浦幌町,NA,01649
北海道,釧路総合振興局,釧路郡,釧路町,NA,01661
北海道,釧路総合振興局,厚岸郡,厚岸町,NA,01662
北海道,釧路総合振興局,厚岸郡,浜中町,NA,01663
北海道,釧路総合振興局,川上郡,標茶町,NA,01664
北海道,釧路総合振興局,川上郡,弟子屈町,NA,01665
北海道,釧路総合振興局,阿寒郡,鶴居村,NA,01667
北海道,釧路総合振興局,白糠郡,白糠町,NA,01668
北海道,根室振興局,野付郡,別海町,NA,01691
北海道,根室振興局,標津郡,中標津町,NA,01692
北海道,根室振興局,標津郡,標津町,NA,01693
北海道,根室振興局,目梨郡,羅臼町,NA,01694
北海道,根室振興局,色丹郡,色丹村,NA,01695
北海道,根室振興局,国後郡,泊村,NA,01696
北海道,根室振興局,国後郡,留夜別村,NA,01697
北海道,根室振興局,択捉郡,留別村,NA,01698
北海道,根室振興局,紗那郡,紗那村,NA,01699
北海道,根室振興局,蘂取郡,蘂取村,NA,01700
青森県,NA,NA,青森市,NA,02201
青森県,NA,NA,弘前市,NA,02202
青森県,NA,NA,八戸市,NA,02203
青森県,NA,NA,黒石市,NA,02204
青森県,NA,NA,五所川原市,NA,02205
青森県,NA,NA,十和田市,NA,02206
青森県,NA,NA,三沢市,NA,02207
青森県,NA,NA,むつ市,NA,02208
青森県,NA,NA,つがる市,NA,02209
青森県,NA,NA,平川市,NA,02210
青森県,NA,東津軽郡,平内町,NA,02301
青森県,NA,東津軽郡,今別町,NA,02303
青森県,NA,東津軽郡,蓬田村,NA,02304
青森県,NA,東津軽郡,外ヶ浜町,NA,02307
青森県,NA,西津軽郡,鰺ヶ沢町,NA,02321
青森県,NA,西津軽郡,深浦町,NA,02323
青森県,NA,中津軽郡,西目屋村,NA,02343
青森県,NA,南津軽郡,藤崎町,NA,02361
青森県,NA,南津軽郡,大鰐町,NA,02362
青森県,NA,南津軽郡,田舎館村,NA,02367
青森県,NA,北津軽郡,板柳町,NA,02381
青森県,NA,北津軽郡,鶴田町,NA,02384
青森県,NA,北津軽郡,中泊町,NA,02387
青森県,NA,上北郡,野辺地町,NA,02401
青森県,NA,上北郡,七戸町,NA,02402
青森県,NA,上北郡,六戸町,NA,02405
青森県,NA,上北郡,横浜町,NA,02406
青森県,NA,上北郡,東北町,NA,02408
青森県,NA,上北郡,六ヶ所村,NA,02411
青森県,NA,上北郡,おいらせ町,NA,02412
青森県,NA,下北郡,大間町,NA,02423
青森県,NA,下北郡,東通村,NA,02424
青森県,NA,下北郡,風間浦村,NA,02425
青森県,NA,下北郡,佐井村,NA,02426
青森県,NA,三戸郡,三戸町,NA,02441
青森県,NA,三戸郡,五戸町,NA,02442
青森県,NA,三戸郡,田子町,NA,02443
青森県,NA,三戸郡,南部町,NA,02445
青森県,NA,三戸郡,階上町,NA,02446
青森県,NA,三戸郡,新郷村,NA,02450
岩手県,NA,NA,盛岡市,NA,03201
岩手県,NA,NA,宮古市,NA,03202
岩手県,NA,NA,大船渡市,NA,03203
岩手県,NA,NA,花巻市,NA,03205
岩手県,NA,NA,北上市,NA,03206
岩手県,NA,NA,久慈市,NA,03207
岩手県,NA,NA,遠野市,NA,03208
岩手県,NA,NA,一関市,NA,03209
岩手県,NA,NA,陸前高田市,NA,03210
岩手県,NA,NA,釜石市,NA,03211
岩手県,NA,NA,二戸市,NA,03213
岩手県,NA,NA,八幡平市,NA,03214
岩手県,NA,NA,奥州市,NA,03215
岩手県,NA,NA,滝沢市,NA,03216
岩手県,NA,岩手郡,雫石町,NA,03301
岩手県,NA,岩手郡,葛巻町,NA,03302
岩手県,NA,岩手郡,岩手町,NA,03303
岩手県,NA,紫波郡,紫波町,NA,03321
岩手県,NA,紫波郡,矢巾町,NA,03322
岩手県,NA,和賀郡,西和賀町,NA,03366
岩手県,NA,胆沢郡,金ケ崎町,NA,03381
岩手県,NA,西磐井郡,平泉町,NA,03402
岩手県,NA,気仙郡,住田町,NA,03441
岩手県,NA,上閉伊郡,大槌町,NA,03461
岩手県,NA,下閉伊郡,山田町,NA,03482
岩手県,NA,下閉伊郡,岩泉町,NA,03483
岩手県,NA,下閉伊郡,田野畑村,NA,03484
岩手県,NA,下閉伊郡,普代村,NA,03485
岩手県,NA,九戸郡,軽米町,NA,03501
岩手県,NA,九戸郡,野田村,NA,03503
岩手県,NA,九戸郡,九戸村,NA,03506
岩手県,NA,九戸郡,洋野町,NA,03507
岩手県,NA,二戸郡,一戸町,NA,03524
宮城県,NA,NA,仙台市,青葉区,04101
宮城県,NA,NA,仙台市,宮城野区,04102
宮城県,NA,NA,仙台市,若林区,04103
宮城県,NA,NA,仙台市,太白区,04104
宮城県,NA,NA,仙台市,泉区,04105
宮城県,NA,NA,石巻市,NA,04202
宮城県,NA,NA,塩竈市,NA,04203
宮城県,NA,NA,気仙沼市,NA,04205
宮城県,NA,NA,白石市,NA,04206
宮城県,NA,NA,名取市,NA,04207
宮城県,NA,NA,角田市,NA,04208
宮城県,NA,NA,多賀城市,NA,04209
宮城県,NA,NA,岩沼市,NA,04211
宮城県,NA,NA,登米市,NA,04212
宮城県,NA,NA,栗原市,NA,04213
宮城県,NA,NA,東松島市,NA,04214
宮城県,NA,NA,大崎市,NA,04215
宮城県,NA,NA,富谷市,NA,04216
宮城県,NA,刈田郡,蔵王町,NA,04301
宮城県,NA,刈田郡,七ヶ宿町,NA,04302
宮城県,NA,柴田郡,大河原町,NA,04321
宮城県,NA,柴田郡,村田町,NA,04322
宮城県,NA,柴田郡,柴田町,NA,04323
宮城県,NA,柴田郡,川崎町,NA,04324
宮城県,NA,伊具郡,丸森町,NA,04341
宮城県,NA,亘理郡,亘理町,NA,04361
宮城県,NA,亘理郡,山元町,NA,04362
宮城県,NA,宮城郡,松島町,NA,04401
宮城県,NA,宮城郡,七ヶ浜町,NA,04404
宮城県,NA,宮城郡,利府町,NA,04406
宮城県,NA,黒川郡,大和町,NA,04421
宮城県,NA,黒川郡,大郷町,NA,04422
宮城県,NA,黒川郡,大衡村,NA,04424
宮城県,NA,加美郡,色麻町,NA,04444
宮城県,NA,加美郡,加美町,NA,04445
宮城県,NA,遠田郡,涌谷町,NA,04501
宮城県,NA,遠田郡,美里町,NA,04505
宮城県,NA,牡鹿郡,女川町,NA,04581
宮城県,NA,本吉郡,南三陸町,NA,04606
秋田県,NA,NA,秋田市,NA,05201
秋田県,NA,NA,能代市,NA,05202
秋田県,NA,NA,横手市,NA,05203
秋田県,NA,NA,大館市,NA,05204
秋田県,NA,NA,男鹿市,NA,05206
秋田県,NA,NA,湯沢市,NA,05207
秋田県,NA,NA,鹿角市,NA,05209
秋田県,NA,NA,由利本荘市,NA,05210
秋田県,NA,NA,潟上市,NA,05211
秋田県,NA,NA,大仙市,NA,05212
秋田県,NA,NA,北秋田市,NA,05213
秋田県,NA,NA,にかほ市,NA,05214
秋田県,NA,NA,仙北市,NA,05215
秋田県,NA,鹿角郡,小坂町,NA,05303
秋田県,NA,北秋田郡,上小阿仁村,NA,05327
秋田県,NA,山本郡,藤里町,NA,05346
秋田県,NA,山本郡,三種町,NA,05348
秋田県,NA,山本郡,八峰町,NA,05349
秋田県,NA,南秋田郡,五城目町,NA,05361
秋田県,NA,南秋田郡,八郎潟町,NA,05363
秋田県,NA,南秋田郡,井川町,NA,05366
秋田県,NA,南秋田郡,大潟村,NA,05368
秋田県,NA,仙北郡,美郷町,NA,05434
秋田県,NA,雄勝郡,羽後町,NA,05463
秋田県,NA,雄勝郡,東成瀬村,NA,05464
山形県,NA,NA,山形市,NA,06201
山形県,NA,NA,米沢市,NA,06202
山形県,NA,NA,鶴岡市,NA,06203
山形県,NA,NA,酒田市,NA,06204
山形県,NA,NA,新庄市,NA,06205
山形県,NA,NA,寒河江市,NA,06206
山形県,NA,NA,上山市,NA,06207
山形県,NA,NA,村山市,NA,06208
山形県,NA,NA,長井市,NA,06209
山形県,NA,NA,天童市,NA,06210
山形県,NA,NA,東根市,NA,06211
山形県,NA,NA,尾花沢市,NA,06212
山形県,NA,NA,南陽市,NA,06213
山形県,NA,東村山郡,山辺町,NA,06301
山形県,NA,東村山郡,中山町,NA,06302
山形県,NA,西村山郡,河北町,NA,06321
山形県,NA,西村山郡,西川町,NA,06322
山形県,NA,西村山郡,朝日町,NA,06323
山形県,NA,西村山郡,大江町,NA,06324
山形県,NA,北村山郡,大石田町,NA,06341
山形県,NA,最上郡,金山町,NA,06361
山形県,NA,最上郡,最上町,NA,06362
山形県,NA,最上郡,舟形町,NA,06363
山形県,NA,最上郡,真室川町,NA,06364
山形県,NA,最上郡,大蔵村,NA,06365
山形県,NA,最上郡,鮭川村,NA,06366
山形県,NA,最上郡,戸沢村,NA,06367
山形県,NA,東置賜郡,高畠町,NA,06381
山形県,NA,東置賜郡,川西町,NA,06382
山形県,NA,西置賜郡,小国町,NA,06401
山形県,NA,西置賜郡,白鷹町,NA,06402
山形県,NA,西置賜郡,飯豊町,NA,06403
山形県,NA,東田川郡,三川町,NA,06426
山形県,NA,東田川郡,庄内町,NA,06428
山形県,NA,飽海郡,遊佐町,NA,06461
福島県,NA,NA,福島市,NA,07201
福島県,NA,NA,会津若松市,NA,07202
福島県,NA,NA,郡山市,NA,07203
福島県,NA,NA,いわき市,NA,07204
福島県,NA,NA,白河市,NA,07205
福島県,NA,NA,須賀川市,NA,07207
福島県,NA,NA,喜多方市,NA,07208
福島県,NA,NA,相馬市,NA,07209
福島県,NA,NA,二本松市,NA,07210
福島県,NA,NA,田村市,NA,07211
福島県,NA,NA,南相馬市,NA,07212
福島県,NA,NA,伊達市,NA,07213
福島県,NA,NA,本宮市,NA,07214
福島県,NA,伊達郡,桑折町,NA,07301
福島県,NA,伊達郡,国見町,NA,07303
福島県,NA,伊達郡,川俣町,NA,07308
福島県,NA,安達郡,大玉村,NA,07322
福島県,NA,岩瀬郡,鏡石町,NA,07342
福島県,NA,岩瀬郡,天栄村,NA,07344
福島県,NA,南会津郡,下郷町,NA,07362
福島県,NA,南会津郡,檜枝岐村,NA,07364
福島県,NA,南会津郡,只見町,NA,07367
福島県,NA,南会津郡,南会津町,NA,07368
福島県,NA,耶麻郡,北塩原村,NA,07402
福島県,NA,耶麻郡,西会津町,NA,07405
福島県,NA,耶麻郡,磐梯町,NA,07407
福島県,NA,耶麻郡,猪苗代町,NA,07408
福島県,NA,河沼郡,会津坂下町,NA,07421
福島県,NA,河沼郡,湯川村,NA,07422
福島県,NA,河沼郡,柳津町,NA,07423
福島県,NA,大沼郡,三島町,NA,07444
福島県,NA,大沼郡,金山町,NA,07445
福島県,NA,大沼郡,昭和村,NA,07446
福島県,NA,大沼郡,会津美里町,NA,07447
福島県,NA,西白河郡,西郷村,NA,07461
福島県,NA,西白河郡,泉崎村,NA,07464
福島県,NA,西白河郡,中島村,NA,07465
福島県,NA,西白河郡,矢吹町,NA,07466
福島県,NA,東白川郡,棚倉町,NA,07481
福島県,NA,東白川郡,矢祭町,NA,07482
福島県,NA,東白川郡,塙町,NA,07483
福島県,NA,東白川郡,鮫川村,NA,07484
福島県,NA,石川郡,石川町,NA,07501
福島県,NA,石川郡,玉川村,NA,07502
福島県,NA,石川郡,平田村,NA,07503
福島県,NA,石川郡,浅川町,NA,07504
福島県,NA,石川郡,古殿町,NA,07505
福島県,NA,田村郡,三春町,NA,07521
福島県,NA,田村郡,小野町,NA,07522
福島県,NA,双葉郡,広野町,NA,07541
福島県,NA,双葉郡,楢葉町,NA,07542
福島県,NA,双葉郡,富岡町,NA,07543
福島県,NA,双葉郡,川内村,NA,07544
福島県,NA,双葉郡,大熊町,NA,07545
福島県,NA,双葉郡,双葉町,NA,07546
福島県,NA,双葉郡,浪江町,NA,07547
福島県,NA,双葉郡,葛尾村,NA,07548
福島県,NA,相馬郡,新地町,NA,07561
福島県,NA,相馬郡,飯舘村,NA,07564
茨城県,NA,NA,水戸市,NA,08201
茨城県,NA,NA,日立市,NA,08202
茨城県,NA,NA,土浦市,NA,08203
茨城県,NA,NA,古河市,NA,08204
茨城県,NA,NA,石岡市,NA,08205
茨城県,NA,NA,結城市,NA,08207
茨城県,NA,NA,龍ケ崎市,NA,08208
茨城県,NA,NA,下妻市,NA,08210
茨城県,NA,NA,常総市,NA,08211
茨城県,NA,NA,常陸太田市,NA,08212
茨城県,NA,NA,高萩市,NA,08214
茨城県,NA,NA,北茨城市,NA,08215
茨城県,NA,NA,笠間市,NA,08216
茨城県,NA,NA,取手市,NA,08217
茨城県,NA,NA,牛久市,NA,08219
茨城県,NA,NA,つくば市,NA,08220
茨城県,NA,NA,ひたちなか市,NA,08221
茨城県,NA,NA,鹿嶋市,NA,08222
茨城県,NA,NA,潮来市,NA,08223
茨城県,NA,NA,守谷市,NA,08224
茨城県,NA,NA,常陸大宮市,NA,08225
茨城県,NA,NA,那珂市,NA,08226
茨城県,NA,NA,筑西市,NA,08227
茨城県,NA,NA,坂東市,NA,08228
茨城県,NA,NA,稲敷市,NA,08229
茨城県,NA,NA,かすみがうら市,NA,08230
茨城県,NA,NA,桜川市,NA,08231
茨城県,NA,NA,神栖市,NA,08232
茨城県,NA,NA,行方市,NA,08233
茨城県,NA,NA,鉾田市,NA,08234
茨城県,NA,NA,つくばみらい市,NA,08235
茨城県,NA,NA,小美玉市,NA,08236
茨城県,NA,東茨城郡,茨城町,NA,08302
茨城県,NA,東茨城郡,大洗町,NA,08309
茨城県,NA,東茨城郡,城里町,NA,08310
茨城県,NA,那珂郡,東海村,NA,08341
茨城県,NA,久慈郡,大子町,NA,08364
茨城県,NA,稲敷郡,美浦村,NA,08442
茨城県,NA,稲敷郡,阿見町,NA,08443
茨城県,NA,稲敷郡,河内町,NA,08447
茨城県,NA,結城郡,八千代町,NA,08521
茨城県,NA,猿島郡,五霞町,NA,08542
茨城県,NA,猿島郡,境町,NA,08546
茨城県,NA,北相馬郡,利根町,NA,08564
栃木県,NA,NA,宇都宮市,NA,09201
栃木県,NA,NA,足利市,NA,09202
栃木県,NA,NA,栃木市,NA,09203
栃木県,NA,NA,佐野市,NA,09204
栃木県,NA,NA,鹿沼市,NA,09205
栃木県,NA,NA,日光市,NA,09206
栃木県,NA,NA,小山市,NA,09208
栃木県,NA,NA,真岡市,NA,09209
栃木県,NA,NA,大田原市,NA,09210
栃木県,NA,NA,矢板市,NA,09211
栃木県,NA,NA,那須塩原市,NA,09213
栃木県,NA,NA,さくら市,NA,09214
栃木県,NA,NA,那須烏山市,NA,09215
栃木県,NA,NA,下野市,NA,09216
栃木県,NA,河内郡,上三川町,NA,09301
栃木県,NA,芳賀郡,益子町,NA,09342
栃木県,NA,芳賀郡,茂木町,NA,09343
栃木県,NA,芳賀郡,市貝町,NA,09344
栃木県,NA,芳賀郡,芳賀町,NA,09345
栃木県,NA,下都賀郡,壬生町,NA,09361
栃木県,NA,下都賀郡,野木町,NA,09364
栃木県,NA,塩谷郡,塩谷町,NA,09384
栃木県,NA,塩谷郡,高根沢町,NA,09386
栃木県,NA,那須郡,那須町,NA,09407
栃木県,NA,那須郡,那珂川町,NA,09411
群馬県,NA,NA,前橋市,NA,10201
群馬県,NA,NA,高崎市,NA,10202
群馬県,NA,NA,桐生市,NA,10203
群馬県,NA,NA,伊勢崎市,NA,10204
群馬県,NA,NA,太田市,NA,10205
群馬県,NA,NA,沼田市,NA,10206
群馬県,NA,NA,館林市,NA,10207
群馬県,NA,NA,渋川市,NA,10208
群馬県,NA,NA,藤岡市,NA,10209
群馬県,NA,NA,富岡市,NA,10210
群馬県,NA,NA,安中市,NA,10211
群馬県,NA,NA,みどり市,NA,10212
群馬県,NA,北群馬郡,榛東村,NA,10344
群馬県,NA,北群馬郡,吉岡町,NA,10345
群馬県,NA,多野郡,上野村,NA,10366
群馬県,NA,多野郡,神流町,NA,10367
群馬県,NA,甘楽郡,下仁田町,NA,10382
群馬県,NA,甘楽郡,南牧村,NA,10383
群馬県,NA,甘楽郡,甘楽町,NA,10384
群馬県,NA,吾妻郡,中之条町,NA,10421
群馬県,NA,吾妻郡,長野原町,NA,10424
群馬県,NA,吾妻郡,嬬恋村,NA,10425
群馬県,NA,吾妻郡,草津町,NA,10426
群馬県,NA,吾妻郡,高山村,NA,10428
群馬県,NA,吾妻郡,東吾妻町,NA,10429
群馬県,NA,利根郡,片品村,NA,10443
群馬県,NA,利根郡,川場村,NA,10444
群馬県,NA,利根郡,昭和村,NA,10448
群馬県,NA,利根郡,みなかみ町,NA,10449
群馬県,NA,佐波郡,玉村町,NA,10464
群馬県,NA,邑楽郡,板倉町,NA,10521
群馬県,NA,邑楽郡,明和町,NA,10522
群馬県,NA,邑楽郡,千代田町,NA,10523
群馬県,NA,邑楽郡,大泉町,NA,10524
群馬県,NA,邑楽郡,邑楽町,NA,10525
埼玉県,NA,NA,さいたま市,西区,11101
埼玉県,NA,NA,さいたま市,北区,11102
埼玉県,NA,NA,さいたま市,大宮区,11103
埼玉県,NA,NA,さいたま市,見沼区,11104
埼玉県,NA,NA,さいたま市,中央区,11105
埼玉県,NA,NA,さいたま市,桜区,11106
埼玉県,NA,NA,さいたま市,浦和区,11107
埼玉県,NA,NA,さいたま市,南区,11108
埼玉県,NA,NA,さいたま市,緑区,11109
埼玉県,NA,NA,さいたま市,岩槻区,11110
埼玉県,NA,NA,川越市,NA,11201
埼玉県,NA,NA,熊谷市,NA,11202
埼玉県,NA,NA,川口市,NA,11203
埼玉県,NA,NA,行田市,NA,11206
埼玉県,NA,NA,秩父市,NA,11207
埼玉県,NA,NA,所沢市,NA,11208
埼玉県,NA,NA,飯能市,NA,11209
埼玉県,NA,NA,加須市,NA,11210
埼玉県,NA,NA,本庄市,NA,11211
埼玉県,NA,NA,東松山市,NA,11212
埼玉県,NA,NA,春日部市,NA,11214
埼玉県,NA,NA,狭山市,NA,11215
埼玉県,NA,NA,羽生市,NA,11216
埼玉県,NA,NA,鴻巣市,NA,11217
埼玉県,NA,NA,深谷市,NA,11218
埼玉県,NA,NA,上尾市,NA,11219
埼玉県,NA,NA,草加市,NA,11221
埼玉県,NA,NA,越谷市,NA,11222
埼玉県,NA,NA,蕨市,NA,11223
埼玉県,NA,NA,戸田市,NA,11224
埼玉県,NA,NA,入間市,NA,11225
埼玉県,NA,NA,朝霞市,NA,11227
埼玉県,NA,NA,志木市,NA,11228
埼玉県,NA,NA,和光市,NA,11229
埼玉県,NA,NA,新座市,NA,11230
埼玉県,NA,NA,桶川市,NA,11231
埼玉県,NA,NA,久喜市,NA,11232
埼玉県,NA,NA,北本市,NA,11233
埼玉県,NA,NA,八潮市,NA,11234
埼玉県,NA,NA,富士見市,NA,11235
埼玉県,NA,NA,三郷市,NA,11237
埼玉県,NA,NA,蓮田市,NA,11238
埼玉県,NA,NA,坂戸市,NA,11239
埼玉県,NA,NA,幸手市,NA,11240
埼玉県,NA,NA,鶴ヶ島市,NA,11241
埼玉県,NA,NA,日高市,NA,11242
埼玉県,NA,NA,吉川市,NA,11243
埼玉県,NA,NA,ふじみ野市,NA,11245
埼玉県,NA,NA,白岡市,NA,11246
埼玉県,NA,北足立郡,伊奈町,NA,11301
埼玉県,NA,入間郡,三芳町,NA,11324
埼玉県,NA,入間郡,毛呂山町,NA,11326
埼玉県,NA,入間郡,越生町,NA,11327
埼玉県,NA,比企郡,滑川町,NA,11341
埼玉県,NA,比企郡,嵐山町,NA,11342
埼玉県,NA,比企郡,小川町,NA,11343
埼玉県,NA,比企郡,川島町,NA,11346
埼玉県,NA,比企郡,吉見町,NA,11347
埼玉県,NA,比企郡,鳩山町,NA,11348
埼玉県,NA,比企郡,ときがわ町,NA,11349
埼玉県,NA,秩父郡,横瀬町,NA,11361
埼玉県,NA,秩父郡,皆野町,NA,11362
埼玉県,NA,秩父郡,長瀞町,NA,11363
埼玉県,NA,秩父郡,小鹿野町,NA,11365
埼玉県,NA,秩父郡,東秩父村,NA,11369
埼玉県,NA,児玉郡,美里町,NA,11381
埼玉県,NA,児玉郡,神川町,NA,11383
埼玉県,NA,児玉郡,上里町,NA,11385
埼玉県,NA,大里郡,寄居町,NA,11408
埼玉県,NA,南埼玉郡,宮代町,NA,11442
埼玉県,NA,北葛飾郡,杉戸町,NA,11464
埼玉県,NA,北葛飾郡,松伏町,NA,11465
千葉県,NA,NA,所属未定地,NA,12000
千葉県,NA,NA,千葉市,中央区,12101
千葉県,NA,NA,千葉市,花見川区,12102
千葉県,NA,NA,千葉市,稲毛区,12103
千葉県,NA,NA,千葉市,若葉区,12104
千葉県,NA,NA,千葉市,緑区,12105
千葉県,NA,NA,千葉市,美浜区,12106
千葉県,NA,NA,銚子市,NA,12202
千葉県,NA,NA,市川市,NA,12203
千葉県,NA,NA,船橋市,NA,12204
千葉県,NA,NA,館山市,NA,12205
千葉県,NA,NA,木更津市,NA,12206
千葉県,NA,NA,松戸市,NA,12207
千葉県,NA,NA,野田市,NA,12208
千葉県,NA,NA,茂原市,NA,12210
千葉県,NA,NA,成田市,NA,12211
千葉県,NA,NA,佐倉市,NA,12212
千葉県,NA,NA,東金市,NA,12213
千葉県,NA,NA,旭市,NA,12215
千葉県,NA,NA,習志野市,NA,12216
千葉県,NA,NA,柏市,NA,12217
千葉県,NA,NA,勝浦市,NA,12218
千葉県,NA,NA,市原市,NA,12219
千葉県,NA,NA,流山市,NA,12220
千葉県,NA,NA,八千代市,NA,12221
千葉県,NA,NA,我孫子市,NA,12222
千葉県,NA,NA,鴨川市,NA,12223
千葉県,NA,NA,鎌ケ谷市,NA,12224
千葉県,NA,NA,君津市,NA,12225
千葉県,NA,NA,富津市,NA,12226
千葉県,NA,NA,浦安市,NA,12227
千葉県,NA,NA,四街道市,NA,12228
千葉県,NA,NA,袖ケ浦市,NA,12229
千葉県,NA,NA,八街市,NA,12230
千葉県,NA,NA,印西市,NA,12231
千葉県,NA,NA,白井市,NA,12232
千葉県,NA,NA,富里市,NA,12233
千葉県,NA,NA,南房総市,NA,12234
千葉県,NA,NA,匝瑳市,NA,12235
千葉県,NA,NA,香取市,NA,12236
千葉県,NA,NA,山武市,NA,12237
千葉県,NA,NA,いすみ市,NA,12238
千葉県,NA,NA,大網白里市,NA,12239
千葉県,NA,印旛郡,酒々井町,NA,12322
千葉県,NA,印旛郡,栄町,NA,12329
千葉県,NA,香取郡,神崎町,NA,12342
千葉県,NA,香取郡,多古町,NA,12347
千葉県,NA,香取郡,東庄町,NA,12349
千葉県,NA,山武郡,九十九里町,NA,12403
千葉県,NA,山武郡,芝山町,NA,12409
千葉県,NA,山武郡,横芝光町,NA,12410
千葉県,NA,長生郡,一宮町,NA,12421
千葉県,NA,長生郡,睦沢町,NA,12422
千葉県,NA,長生郡,長生村,NA,12423
千葉県,NA,長生郡,白子町,NA,12424
千葉県,NA,長生郡,長柄町,NA,12426
千葉県,NA,長生郡,長南町,NA,12427
千葉県,NA,夷隅郡,大多喜町,NA,12441
千葉県,NA,夷隅郡,御宿町,NA,12443
千葉県,NA,安房郡,鋸南町,NA,12463
東京都,NA,NA,所属未定地,NA,13000
東京都,NA,NA,千代田区,NA,13101
東京都,NA,NA,中央区,NA,13102
東京都,NA,NA,港区,NA,13103
東京都,NA,NA,新宿区,NA,13104
東京都,NA,NA,文京区,NA,13105
東京都,NA,NA,台東区,NA,13106
東京都,NA,NA,墨田区,NA,13107
東京都,NA,NA,江東区,NA,13108
東京都,NA,NA,品川区,NA,13109
東京都,NA,NA,目黒区,NA,13110
東京都,NA,NA,大田区,NA,13111
東京都,NA,NA,世田谷区,NA,13112
東京都,NA,NA,渋谷区,NA,13113
東京都,NA,NA,中野区,NA,13114
東京都,NA,NA,杉並区,NA,13115
東京都,NA,NA,豊島区,NA,13116
東京都,NA,NA,北区,NA,13117
東京都,NA,NA,荒川区,NA,13118
東京都,NA,NA,板橋区,NA,13119
東京都,NA,NA,練馬区,NA,13120
東京都,NA,NA,足立区,NA,13121
東京都,NA,NA,葛飾区,NA,13122
東京都,NA,NA,江戸川区,NA,13123
東京都,NA,NA,八王子市,NA,13201
東京都,NA,NA,立川市,NA,13202
東京都,NA,NA,武蔵野市,NA,13203
東京都,NA,NA,三鷹市,NA,13204
東京都,NA,NA,青梅市,NA,13205
東京都,NA,NA,府中市,NA,13206
東京都,NA,NA,昭島市,NA,13207
東京都,NA,NA,調布市,NA,13208
東京都,NA,NA,町田市,NA,13209
東京都,NA,NA,小金井市,NA,13210
東京都,NA,NA,小平市,NA,13211
東京都,NA,NA,日野市,NA,13212
東京都,NA,NA,東村山市,NA,13213
東京都,NA,NA,国分寺市,NA,13214
東京都,NA,NA,国立市,NA,13215
東京都,NA,NA,福生市,NA,13218
東京都,NA,NA,狛江市,NA,13219
東京都,NA,NA,東大和市,NA,13220
東京都,NA,NA,清瀬市,NA,13221
東京都,NA,NA,東久留米市,NA,13222
東京都,NA,NA,武蔵村山市,NA,13223
東京都,NA,NA,多摩市,NA,13224
東京都,NA,NA,稲城市,NA,13225
東京都,NA,NA,羽村市,NA,13227
東京都,NA,NA,あきる野市,NA,13228
東京都,NA,NA,西東京市,NA,13229
東京都,NA,西多摩郡,瑞穂町,NA,13303
東京都,NA,西多摩郡,日の出町,NA,13305
東京都,NA,西多摩郡,檜原村,NA,13307
東京都,NA,西多摩郡,奥多摩町,NA,13308
東京都,NA,NA,大島町,NA,13361
東京都,NA,NA,利島村,NA,13362
東京都,NA,NA,新島村,NA,13363
東京都,NA,NA,神津島村,NA,13364
東京都,NA,NA,三宅村,NA,13381
東京都,NA,NA,御蔵島村,NA,13382
東京都,NA,NA,八丈町,NA,13401
東京都,NA,NA,青ヶ島村,NA,13402
東京都,NA,NA,小笠原村,NA,13421
神奈川県,NA,NA,横浜市,鶴見区,14101
神奈川県,NA,NA,横浜市,神奈川区,14102
神奈川県,NA,NA,横浜市,西区,14103
神奈川県,NA,NA,横浜市,中区,14104
神奈川県,NA,NA,横浜市,南区,14105
神奈川県,NA,NA,横浜市,保土ケ谷区,14106
神奈川県,NA,NA,横浜市,磯子区,14107
神奈川県,NA,NA,横浜市,金沢区,14108
神奈川県,NA,NA,横浜市,港北区,14109
神奈川県,NA,NA,横浜市,戸塚区,14110
神奈川県,NA,NA,横浜市,港南区,14111
神奈川県,NA,NA,横浜市,旭区,14112
神奈川県,NA,NA,横浜市,緑区,14113
神奈川県,NA,NA,横浜市,瀬谷区,14114
神奈川県,NA,NA,横浜市,栄区,14115
神奈川県,NA,NA,横浜市,泉区,14116
神奈川県,NA,NA,横浜市,青葉区,14117
神奈川県,NA,NA,横浜市,都筑区,14118
神奈川県,NA,NA,川崎市,川崎区,14131
神奈川県,NA,NA,川崎市,幸区,14132
神奈川県,NA,NA,川崎市,中原区,14133
神奈川県,NA,NA,川崎市,高津区,14134
神奈川県,NA,NA,川崎市,多摩区,14135
神奈川県,NA,NA,川崎市,宮前区,14136
神奈川県,NA,NA,川崎市,麻生区,14137
神奈川県,NA,NA,相模原市,緑区,14151
神奈川県,NA,NA,相模原市,中央区,14152
神奈川県,NA,NA,相模原市,南区,14153
神奈川県,NA,NA,横須賀市,NA,14201
神奈川県,NA,NA,平塚市,NA,14203
神奈川県,NA,NA,鎌倉市,NA,14204
神奈川県,NA,NA,藤沢市,NA,14205
神奈川県,NA,NA,小田原市,NA,14206
神奈川県,NA,NA,茅ヶ崎市,NA,14207
神奈川県,NA,NA,逗子市,NA,14208
神奈川県,NA,NA,三浦市,NA,14210
神奈川県,NA,NA,秦野市,NA,14211
神奈川県,NA,NA,厚木市,NA,14212
神奈川県,NA,NA,大和市,NA,14213
神奈川県,NA,NA,伊勢原市,NA,14214
神奈川県,NA,NA,海老名市,NA,14215
神奈川県,NA,NA,座間市,NA,14216
神奈川県,NA,NA,南足柄市,NA,14217
神奈川県,NA,NA,綾瀬市,NA,14218
神奈川県,NA,三浦郡,葉山町,NA,14301
神奈川県,NA,高座郡,寒川町,NA,14321
神奈川県,NA,中郡,大磯町,NA,14341
神奈川県,NA,中郡,二宮町,NA,14342
神奈川県,NA,足柄上郡,中井町,NA,14361
神奈川県,NA,足柄上郡,大井町,NA,14362
神奈川県,NA,足柄上郡,松田町,NA,14363
神奈川県,NA,足柄上郡,山北町,NA,14364
神奈川県,NA,足柄上郡,開成町,NA,14366
神奈川県,NA,足柄下郡,箱根町,NA,14382
神奈川県,NA,足柄下郡,真鶴町,NA,14383
神奈川県,NA,足柄下郡,湯河原町,NA,14384
神奈川県,NA,愛甲郡,愛川町,NA,14401
神奈川県,NA,愛甲郡,清川村,NA,14402
新潟県,NA,NA,新潟市,北区,15101
新潟県,NA,NA,新潟市,東区,15102
新潟県,NA,NA,新潟市,中央区,15103
新潟県,NA,NA,新潟市,江南区,15104
新潟県,NA,NA,新潟市,秋葉区,15105
新潟県,NA,NA,新潟市,南区,15106
新潟県,NA,NA,新潟市,西区,15107
新潟県,NA,NA,新潟市,西蒲区,15108
新潟県,NA,NA,長岡市,NA,15202
新潟県,NA,NA,三条市,NA,15204
新潟県,NA,NA,柏崎市,NA,15205
新潟県,NA,NA,新発田市,NA,15206
新潟県,NA,NA,小千谷市,NA,15208
新潟県,NA,NA,加茂市,NA,15209
新潟県,NA,NA,十日町市,NA,15210
新潟県,NA,NA,見附市,NA,15211
新潟県,NA,NA,村上市,NA,15212
新潟県,NA,NA,燕市,NA,15213
新潟県,NA,NA,糸魚川市,NA,15216
新潟県,NA,NA,妙高市,NA,15217
新潟県,NA,NA,五泉市,NA,15218
新潟県,NA,NA,上越市,NA,15222
新潟県,NA,NA,阿賀野市,NA,15223
新潟県,NA,NA,佐渡市,NA,15224
新潟県,NA,NA,魚沼市,NA,15225
新潟県,NA,NA,南魚沼市,NA,15226
新潟県,NA,NA,胎内市,NA,15227
新潟県,NA,北蒲原郡,聖籠町,NA,15307
新潟県,NA,西蒲原郡,弥彦村,NA,15342
新潟県,NA,南蒲原郡,田上町,NA,15361
新潟県,NA,東蒲原郡,阿賀町,NA,15385
新潟県,NA,三島郡,出雲崎町,NA,15405
新潟県,NA,南魚沼郡,湯沢町,NA,15461
新潟県,NA,中魚沼郡,津南町,NA,15482
新潟県,NA,刈羽郡,刈羽村,NA,15504
新潟県,NA,岩船郡,関川村,NA,15581
新潟県,NA,岩船郡,粟島浦村,NA,15586
富山県,NA,NA,富山市,NA,16201
富山県,NA,NA,高岡市,NA,16202
富山県,NA,NA,魚津市,NA,16204
富山県,NA,NA,氷見市,NA,16205
富山県,NA,NA,滑川市,NA,16206
富山県,NA,NA,黒部市,NA,16207
富山県,NA,NA,砺波市,NA,16208
富山県,NA,NA,小矢部市,NA,16209
富山県,NA,NA,南砺市,NA,16210
富山県,NA,NA,射水市,NA,16211
富山県,NA,中新川郡,舟橋村,NA,16321
富山県,NA,中新川郡,上市町,NA,16322
富山県,NA,中新川郡,立山町,NA,16323
富山県,NA,下新川郡,入善町,NA,16342
富山県,NA,下新川郡,朝日町,NA,16343
石川県,NA,NA,金沢市,NA,17201
石川県,NA,NA,七尾市,NA,17202
石川県,NA,NA,小松市,NA,17203
石川県,NA,NA,輪島市,NA,17204
石川県,NA,NA,珠洲市,NA,17205
石川県,NA,NA,加賀市,NA,17206
石川県,NA,NA,羽咋市,NA,17207
石川県,NA,NA,かほく市,NA,17209
石川県,NA,NA,白山市,NA,17210
石川県,NA,NA,能美市,NA,17211
石川県,NA,NA,野々市市,NA,17212
石川県,NA,能美郡,川北町,NA,17324
石川県,NA,河北郡,津幡町,NA,17361
石川県,NA,河北郡,内灘町,NA,17365
石川県,NA,羽咋郡,志賀町,NA,17384
石川県,NA,羽咋郡,宝達志水町,NA,17386
石川県,NA,鹿島郡,中能登町,NA,17407
石川県,NA,鳳珠郡,穴水町,NA,17461
石川県,NA,鳳珠郡,能登町,NA,17463
福井県,NA,NA,福井市,NA,18201
福井県,NA,NA,敦賀市,NA,18202
福井県,NA,NA,小浜市,NA,18204
福井県,NA,NA,大野市,NA,18205
福井県,NA,NA,勝山市,NA,18206
福井県,NA,NA,鯖江市,NA,18207
福井県,NA,NA,あわら市,NA,18208
福井県,NA,NA,越前市,NA,18209
福井県,NA,NA,坂井市,NA,18210
福井県,NA,吉田郡,永平寺町,NA,18322
福井県,NA,今立郡,池田町,NA,18382
福井県,NA,南条郡,南越前町,NA,18404
福井県,NA,丹生郡,越前町,NA,18423
福井県,NA,三方郡,美浜町,NA,18442
福井県,NA,大飯郡,高浜町,NA,18481
福井県,NA,大飯郡,おおい町,NA,18483
福井県,NA,三方上中郡,若狭町,NA,18501
山梨県,NA,NA,甲府市,NA,19201
山梨県,NA,NA,富士吉田市,NA,19202
山梨県,NA,NA,都留市,NA,19204
山梨県,NA,NA,山梨市,NA,19205
山梨県,NA,NA,大月市,NA,19206
山梨県,NA,NA,韮崎市,NA,19207
山梨県,NA,NA,南アルプス市,NA,19208
山梨県,NA,NA,北杜市,NA,19209
山梨県,NA,NA,甲斐市,NA,19210
山梨県,NA,NA,笛吹市,NA,19211
山梨県,NA,NA,上野原市,NA,19212
山梨県,NA,NA,甲州市,NA,19213
山梨県,NA,NA,中央市,NA,19214
山梨県,NA,西八代郡,市川三郷町,NA,19346
山梨県,NA,南巨摩郡,早川町,NA,19364
山梨県,NA,南巨摩郡,身延町,NA,19365
山梨県,NA,南巨摩郡,南部町,NA,19366
山梨県,NA,南巨摩郡,富士川町,NA,19368
山梨県,NA,中巨摩郡,昭和町,NA,19384
山梨県,NA,南都留郡,道志村,NA,19422
山梨県,NA,南都留郡,西桂町,NA,19423
山梨県,NA,南都留郡,忍野村,NA,19424
山梨県,NA,南都留郡,山中湖村,NA,19425
山梨県,NA,南都留郡,鳴沢村,NA,19429
山梨県,NA,南都留郡,富士河口湖町,NA,19430
山梨県,NA,北都留郡,小菅村,NA,19442
山梨県,NA,北都留郡,丹波山村,NA,19443
長野県,NA,NA,長野市,NA,20201
長野県,NA,NA,松本市,NA,20202
長野県,NA,NA,上田市,NA,20203
長野県,NA,NA,岡谷市,NA,20204
長野県,NA,NA,飯田市,NA,20205
長野県,NA,NA,諏訪市,NA,20206
長野県,NA,NA,須坂市,NA,20207
長野県,NA,NA,小諸市,NA,20208
長野県,NA,NA,伊那市,NA,20209
長野県,NA,NA,駒ヶ根市,NA,20210
長野県,NA,NA,中野市,NA,20211
長野県,NA,NA,大町市,NA,20212
長野県,NA,NA,飯山市,NA,20213
長野県,NA,NA,茅野市,NA,20214
長野県,NA,NA,塩尻市,NA,20215
長野県,NA,NA,佐久市,NA,20217
長野県,NA,NA,千曲市,NA,20218
長野県,NA,NA,東御市,NA,20219
長野県,NA,NA,安曇野市,NA,20220
長野県,NA,南佐久郡,小海町,NA,20303
長野県,NA,南佐久郡,川上村,NA,20304
長野県,NA,南佐久郡,南牧村,NA,20305
長野県,NA,南佐久郡,南相木村,NA,20306
長野県,NA,南佐久郡,北相木村,NA,20307
長野県,NA,南佐久郡,佐久穂町,NA,20309
長野県,NA,北佐久郡,軽井沢町,NA,20321
長野県,NA,北佐久郡,御代田町,NA,20323
長野県,NA,北佐久郡,立科町,NA,20324
長野県,NA,小県郡,青木村,NA,20349
長野県,NA,小県郡,長和町,NA,20350
長野県,NA,諏訪郡,下諏訪町,NA,20361
長野県,NA,諏訪郡,富士見町,NA,20362
長野県,NA,諏訪郡,原村,NA,20363
長野県,NA,上伊那郡,辰野町,NA,20382
長野県,NA,上伊那郡,箕輪町,NA,20383
長野県,NA,上伊那郡,飯島町,NA,20384
長野県,NA,上伊那郡,南箕輪村,NA,20385
長野県,NA,上伊那郡,中川村,NA,20386
長野県,NA,上伊那郡,宮田村,NA,20388
長野県,NA,下伊那郡,松川町,NA,20402
長野県,NA,下伊那郡,高森町,NA,20403
長野県,NA,下伊那郡,阿南町,NA,20404
長野県,NA,下伊那郡,阿智村,NA,20407
長野県,NA,下伊那郡,平谷村,NA,20409
長野県,NA,下伊那郡,根羽村,NA,20410
長野県,NA,下伊那郡,下條村,NA,20411
長野県,NA,下伊那郡,売木村,NA,20412
長野県,NA,下伊那郡,天龍村,NA,20413
長野県,NA,下伊那郡,泰阜村,NA,20414
長野県,NA,下伊那郡,喬木村,NA,20415
長野県,NA,下伊那郡,豊丘村,NA,20416
長野県,NA,下伊那郡,大鹿村,NA,20417
長野県,NA,木曽郡,上松町,NA,20422
長野県,NA,木曽郡,南木曽町,NA,20423
長野県,NA,木曽郡,木祖村,NA,20425
長野県,NA,木曽郡,王滝村,NA,20429
長野県,NA,木曽郡,大桑村,NA,20430
長野県,NA,木曽郡,木曽町,NA,20432
長野県,NA,東筑摩郡,麻績村,NA,20446
長野県,NA,東筑摩郡,生坂村,NA,20448
長野県,NA,東筑摩郡,山形村,NA,20450
長野県,NA,東筑摩郡,朝日村,NA,20451
長野県,NA,東筑摩郡,筑北村,NA,20452
長野県,NA,北安曇郡,池田町,NA,20481
長野県,NA,北安曇郡,松川村,NA,20482
長野県,NA,北安曇郡,白馬村,NA,20485
長野県,NA,北安曇郡,小谷村,NA,20486
長野県,NA,埴科郡,坂城町,NA,20521
長野県,NA,上高井郡,小布施町,NA,20541
長野県,NA,上高井郡,高山村,NA,20543
長野県,NA,下高井郡,山ノ内町,NA,20561
長野県,NA,下高井郡,木島平村,NA,20562
長野県,NA,下高井郡,野沢温泉村,NA,20563
長野県,NA,上水内郡,信濃町,NA,20583
長野県,NA,上水内郡,小川村,NA,20588
長野県,NA,上水内郡,飯綱町,NA,20590
長野県,NA,下水内郡,栄村,NA,20602
岐阜県,NA,NA,岐阜市,NA,21201
岐阜県,NA,NA,大垣市,NA,21202
岐阜県,NA,NA,高山市,NA,21203
岐阜県,NA,NA,多治見市,NA,21204
岐阜県,NA,NA,関市,NA,21205
岐阜県,NA,NA,中津川市,NA,21206
岐阜県,NA,NA,美濃市,NA,21207
岐阜県,NA,NA,瑞浪市,NA,21208
岐阜県,NA,NA,羽島市,NA,21209
岐阜県,NA,NA,恵那市,NA,21210
岐阜県,NA,NA,美濃加茂市,NA,21211
岐阜県,NA,NA,土岐市,NA,21212
岐阜県,NA,NA,各務原市,NA,21213
岐阜県,NA,NA,可児市,NA,21214
岐阜県,NA,NA,山県市,NA,21215
岐阜県,NA,NA,瑞穂市,NA,21216
岐阜県,NA,NA,飛騨市,NA,21217
岐阜県,NA,NA,本巣市,NA,21218
岐阜県,NA,NA,郡上市,NA,21219
岐阜県,NA,NA,下呂市,NA,21220
岐阜県,NA,NA,海津市,NA,21221
岐阜県,NA,羽島郡,岐南町,NA,21302
岐阜県,NA,羽島郡,笠松町,NA,21303
岐阜県,NA,養老郡,養老町,NA,21341
岐阜県,NA,不破郡,垂井町,NA,21361
岐阜県,NA,不破郡,関ケ原町,NA,21362
岐阜県,NA,安八郡,神戸町,NA,21381
岐阜県,NA,安八郡,輪之内町,NA,21382
岐阜県,NA,安八郡,安八町,NA,21383
岐阜県,NA,揖斐郡,揖斐川町,NA,21401
岐阜県,NA,揖斐郡,大野町,NA,21403
岐阜県,NA,揖斐郡,池田町,NA,21404
岐阜県,NA,本巣郡,北方町,NA,21421
岐阜県,NA,加茂郡,坂祝町,NA,21501
岐阜県,NA,加茂郡,富加町,NA,21502
岐阜県,NA,加茂郡,川辺町,NA,21503
岐阜県,NA,加茂郡,七宗町,NA,21504
岐阜県,NA,加茂郡,八百津町,NA,21505
岐阜県,NA,加茂郡,白川町,NA,21506
岐阜県,NA,加茂郡,東白川村,NA,21507
岐阜県,NA,可児郡,御嵩町,NA,21521
岐阜県,NA,大野郡,白川村,NA,21604
静岡県,NA,NA,静岡市,葵区,22101
静岡県,NA,NA,静岡市,駿河区,22102
静岡県,NA,NA,静岡市,清水区,22103
静岡県,NA,NA,浜松市,中央区,22138
静岡県,NA,NA,浜松市,浜名区,22139
静岡県,NA,NA,浜松市,天竜区,22140
静岡県,NA,NA,沼津市,NA,22203
静岡県,NA,NA,熱海市,NA,22205
静岡県,NA,NA,三島市,NA,22206
静岡県,NA,NA,富士宮市,NA,22207
静岡県,NA,NA,伊東市,NA,22208
静岡県,NA,NA,島田市,NA,22209
静岡県,NA,NA,富士市,NA,22210
静岡県,NA,NA,磐田市,NA,22211
静岡県,NA,NA,焼津市,NA,22212
静岡県,NA,NA,掛川市,NA,22213
静岡県,NA,NA,藤枝市,NA,22214
静岡県,NA,NA,御殿場市,NA,22215
静岡県,NA,NA,袋井市,NA,22216
静岡県,NA,NA,下田市,NA,22219
静岡県,NA,NA,裾野市,NA,22220
静岡県,NA,NA,湖西市,NA,22221
静岡県,NA,NA,伊豆市,NA,22222
静岡県,NA,NA,御前崎市,NA,22223
静岡県,NA,NA,菊川市,NA,22224
静岡県,NA,NA,伊豆の国市,NA,22225
静岡県,NA,NA,牧之原市,NA,22226
静岡県,NA,賀茂郡,東伊豆町,NA,22301
静岡県,NA,賀茂郡,河津町,NA,22302
静岡県,NA,賀茂郡,南伊豆町,NA,22304
静岡県,NA,賀茂郡,松崎町,NA,22305
静岡県,NA,賀茂郡,西伊豆町,NA,22306
静岡県,NA,田方郡,函南町,NA,22325
静岡県,NA,駿東郡,清水町,NA,22341
静岡県,NA,駿東郡,長泉町,NA,22342
静岡県,NA,駿東郡,小山町,NA,22344
静岡県,NA,榛原郡,吉田町,NA,22424
静岡県,NA,榛原郡,川根本町,NA,22429
静岡県,NA,周智郡,森町,NA,22461
愛知県,NA,NA,所属未定地,NA,23000
愛知県,NA,NA,名古屋市,千種区,23101
愛知県,NA,NA,名古屋市,東区,23102
愛知県,NA,NA,名古屋市,北区,23103
愛知県,NA,NA,名古屋市,西区,23104
愛知県,NA,NA,名古屋市,中村区,23105
愛知県,NA,NA,名古屋市,中区,23106
愛知県,NA,NA,名古屋市,昭和区,23107
愛知県,NA,NA,名古屋市,瑞穂区,23108
愛知県,NA,NA,名古屋市,熱田区,23109
愛知県,NA,NA,名古屋市,中川区,23110
愛知県,NA,NA,名古屋市,港区,23111
愛知県,NA,NA,名古屋市,南区,23112
愛知県,NA,NA,名古屋市,守山区,23113
愛知県,NA,NA,名古屋市,緑区,23114
愛知県,NA,NA,名古屋市,名東区,23115
愛知県,NA,NA,名古屋市,天白区,23116
愛知県,NA,NA,豊橋市,NA,23201
愛知県,NA,NA,岡崎市,NA,23202
愛知県,NA,NA,一宮市,NA,23203
愛知県,NA,NA,瀬戸市,NA,23204
愛知県,NA,NA,半田市,NA,23205
愛知県,NA,NA,春日井市,NA,23206
愛知県,NA,NA,豊川市,NA,23207
愛知県,NA,NA,津島市,NA,23208
愛知県,NA,NA,碧南市,NA,23209
愛知県,NA,NA,刈谷市,NA,23210
愛知県,NA,NA,豊田市,NA,23211
愛知県,NA,NA,安城市,NA,23212
愛知県,NA,NA,西尾市,NA,23213
愛知県,NA,NA,蒲郡市,NA,23214
愛知県,NA,NA,犬山市,NA,23215
愛知県,NA,NA,常滑市,NA,23216
愛知県,NA,NA,江南市,NA,23217
愛知県,NA,NA,小牧市,NA,23219
愛知県,NA,NA,稲沢市,NA,23220
愛知県,NA,NA,新城市,NA,23221
愛知県,NA,NA,東海市,NA,23222
愛知県,NA,NA,大府市,NA,23223
愛知県,NA,NA,知多市,NA,23224
愛知県,NA,NA,知立市,NA,23225
愛知県,NA,NA,尾張旭市,NA,23226
愛知県,NA,NA,高浜市,NA,23227
愛知県,NA,NA,岩倉市,NA,23228
愛知県,NA,NA,豊明市,NA,23229
愛知県,NA,NA,日進市,NA,23230
愛知県,NA,NA,田原市,NA,23231
愛知県,NA,NA,愛西市,NA,23232
愛知県,NA,NA,清須市,NA,23233
愛知県,NA,NA,北名古屋市,NA,23234
愛知県,NA,NA,弥富市,NA,23235
愛知県,NA,NA,みよし市,NA,23236
愛知県,NA,NA,あま市,NA,23237
愛知県,NA,NA,長久手市,NA,23238
愛知県,NA,愛知郡,東郷町,NA,23302
愛知県,NA,西春日井郡,豊山町,NA,23342
愛知県,NA,丹羽郡,大口町,NA,23361
愛知県,NA,丹羽郡,扶桑町,NA,23362
愛知県,NA,海部郡,大治町,NA,23424
愛知県,NA,海部郡,蟹江町,NA,23425
愛知県,NA,海部郡,飛島村,NA,23427
愛知県,NA,知多郡,阿久比町,NA,23441
愛知県,NA,知多郡,東浦町,NA,23442
愛知県,NA,知多郡,南知多町,NA,23445
愛知県,NA,知多郡,美浜町,NA,23446
愛知県,NA,知多郡,武豊町,NA,23447
愛知県,NA,額田郡,幸田町,NA,23501
愛知県,NA,北設楽郡,設楽町,NA,23561
愛知県,NA,北設楽郡,東栄町,NA,23562
愛知県,NA,北設楽郡,豊根村,NA,23563
三重県,NA,NA,津市,NA,24201
三重県,NA,NA,四日市市,NA,24202
三重県,NA,NA,伊勢市,NA,24203
三重県,NA,NA,松阪市,NA,24204
三重県,NA,NA,桑名市,NA,24205
三重県,NA,NA,鈴鹿市,NA,24207
三重県,NA,NA,名張市,NA,24208
三重県,NA,NA,尾鷲市,NA,24209
三重県,NA,NA,亀山市,NA,24210
三重県,NA,NA,鳥羽市,NA,24211
三重県,NA,NA,熊野市,NA,24212
三重県,NA,NA,いなべ市,NA,24214
三重県,NA,NA,志摩市,NA,24215
三重県,NA,NA,伊賀市,NA,24216
三重県,NA,桑名郡,木曽岬町,NA,24303
三重県,NA,員弁郡,東員町,NA,24324
三重県,NA,三重郡,菰野町,NA,24341
三重県,NA,三重郡,朝日町,NA,24343
三重県,NA,三重郡,川越町,NA,24344
三重県,NA,多気郡,多気町,NA,24441
三重県,NA,多気郡,明和町,NA,24442
三重県,NA,多気郡,大台町,NA,24443
三重県,NA,度会郡,玉城町,NA,24461
三重県,NA,度会郡,度会町,NA,24470
三重県,NA,度会郡,大紀町,NA,24471
三重県,NA,度会郡,南伊勢町,NA,24472
三重県,NA,北牟婁郡,紀北町,NA,24543
三重県,NA,南牟婁郡,御浜町,NA,24561
三重県,NA,南牟婁郡,紀宝町,NA,24562
滋賀県,NA,NA,大津市,NA,25201
滋賀県,NA,NA,彦根市,NA,25202
滋賀県,NA,NA,長浜市,NA,25203
滋賀県,NA,NA,近江八幡市,NA,25204
滋賀県,NA,NA,草津市,NA,25206
滋賀県,NA,NA,守山市,NA,25207
滋賀県,NA,NA,栗東市,NA,25208
滋賀県,NA,NA,甲賀市,NA,25209
滋賀県,NA,NA,野洲市,NA,25210
滋賀県,NA,NA,湖南市,NA,25211
滋賀県,NA,NA,高島市,NA,25212
滋賀県,NA,NA,東近江市,NA,25213
滋賀県,NA,NA,米原市,NA,25214
滋賀県,NA,蒲生郡,日野町,NA,25383
滋賀県,NA,蒲生郡,竜王町,NA,25384
滋賀県,NA,愛知郡,愛荘町,NA,25425
滋賀県,NA,犬上郡,豊郷町,NA,25441
滋賀県,NA,犬上郡,甲良町,NA,25442
滋賀県,NA,犬上郡,多賀町,NA,25443
京都府,NA,NA,京都市,北区,26101
京都府,NA,NA,京都市,上京区,26102
京都府,NA,NA,京都市,左京区,26103
京都府,NA,NA,京都市,中京区,26104
京都府,NA,NA,京都市,東山区,26105
京都府,NA,NA,京都市,下京区,26106
京都府,NA,NA,京都市,南区,26107
京都府,NA,NA,京都市,右京区,26108
京都府,NA,NA,京都市,伏見区,26109
京都府,NA,NA,京都市,山科区,26110
京都府,NA,NA,京都市,西京区,26111
京都府,NA,NA,福知山市,NA,26201
京都府,NA,NA,舞鶴市,NA,26202
京都府,NA,NA,綾部市,NA,26203
京都府,NA,NA,宇治市,NA,26204
京都府,NA,NA,宮津市,NA,26205
京都府,NA,NA,亀岡市,NA,26206
京都府,NA,NA,城陽市,NA,26207
京都府,NA,NA,向日市,NA,26208
京都府,NA,NA,長岡京市,NA,26209
京都府,NA,NA,八幡市,NA,26210
京都府,NA,NA,京田辺市,NA,26211
京都府,NA,NA,京丹後市,NA,26212
京都府,NA,NA,南丹市,NA,26213
京都府,NA,NA,木津川市,NA,26214
京都府,NA,乙訓郡,大山崎町,NA,26303
京都府,NA,久世郡,久御山町,NA,26322
京都府,NA,綴喜郡,井手町,NA,26343
京都府,NA,綴喜郡,宇治田原町,NA,26344
京都府,NA,相楽郡,笠置町,NA,26364
京都府,NA,相楽郡,和束町,NA,26365
京都府,NA,相楽郡,精華町,NA,26366
京都府,NA,相楽郡,南山城村,NA,26367
京都府,NA,船井郡,京丹波町,NA,26407
京都府,NA,与謝郡,伊根町,NA,26463
京都府,NA,与謝郡,与謝野町,NA,26465
大阪府,NA,NA,大阪市,都島区,27102
大阪府,NA,NA,大阪市,福島区,27103
大阪府,NA,NA,大阪市,此花区,27104
大阪府,NA,NA,大阪市,西区,27106
大阪府,NA,NA,大阪市,港区,27107
大阪府,NA,NA,大阪市,大正区,27108
大阪府,NA,NA,大阪市,天王寺区,27109
大阪府,NA,NA,大阪市,浪速区,27111
大阪府,NA,NA,大阪市,西淀川区,27113
大阪府,NA,NA,大阪市,東淀川区,27114
大阪府,NA,NA,大阪市,東成区,27115
大阪府,NA,NA,大阪市,生野区,27116
大阪府,NA,NA,大阪市,旭区,27117
大阪府,NA,NA,大阪市,城東区,27118
大阪府,NA,NA,大阪市,阿倍野区,27119
大阪府,NA,NA,大阪市,住吉区,27120
大阪府,NA,NA,大阪市,東住吉区,27121
大阪府,NA,NA,大阪市,西成区,27122
大阪府,NA,NA,大阪市,淀川区,27123
大阪府,NA,NA,大阪市,鶴見区,27124
大阪府,NA,NA,大阪市,住之江区,27125
大阪府,NA,NA,大阪市,平野区,27126
大阪府,NA,NA,大阪市,北区,27127
大阪府,NA,NA,大阪市,中央区,27128
大阪府,NA,NA,堺市,堺区,27141
大阪府,NA,NA,堺市,中区,27142
大阪府,NA,NA,堺市,東区,27143
大阪府,NA,NA,堺市,西区,27144
大阪府,NA,NA,堺市,南区,27145
大阪府,NA,NA,堺市,北区,27146
大阪府,NA,NA,堺市,美原区,27147
大阪府,NA,NA,岸和田市,NA,27202
大阪府,NA,NA,豊中市,NA,27203
大阪府,NA,NA,池田市,NA,27204
大阪府,NA,NA,吹田市,NA,27205
大阪府,NA,NA,泉大津市,NA,27206
大阪府,NA,NA,高槻市,NA,27207
大阪府,NA,NA,貝塚市,NA,27208
大阪府,NA,NA,守口市,NA,27209
大阪府,NA,NA,枚方市,NA,27210
大阪府,NA,NA,茨木市,NA,27211
大阪府,NA,NA,八尾市,NA,27212
大阪府,NA,NA,泉佐野市,NA,27213
大阪府,NA,NA,富田林市,NA,27214
大阪府,NA,NA,寝屋川市,NA,27215
大阪府,NA,NA,河内長野市,NA,27216
大阪府,NA,NA,松原市,NA,27217
大阪府,NA,NA,大東市,NA,27218
大阪府,NA,NA,和泉市,NA,27219
大阪府,NA,NA,箕面市,NA,27220
大阪府,NA,NA,柏原市,NA,27221
大阪府,NA,NA,羽曳野市,NA,27222
大阪府,NA,NA,門真市,NA,27223
大阪府,NA,NA,摂津市,NA,27224
大阪府,NA,NA,高石市,NA,27225
大阪府,NA,NA,藤井寺市,NA,27226
大阪府,NA,NA,東大阪市,NA,27227
大阪府,NA,NA,泉南市,NA,27228
大阪府,NA,NA,四條畷市,NA,27229
大阪府,NA,NA,交野市,NA,27230
大阪府,NA,NA,大阪狭山市,NA,27231
大阪府,NA,NA,阪南市,NA,27232
大阪府,NA,三島郡,島本町,NA,27301
大阪府,NA,豊能郡,豊能町,NA,27321
大阪府,NA,豊能郡,能勢町,NA,27322
大阪府,NA,泉北郡,忠岡町,NA,27341
大阪府,NA,泉南郡,熊取町,NA,27361
大阪府,NA,泉南郡,田尻町,NA,27362
大阪府,NA,泉南郡,岬町,NA,27366
大阪府,NA,南河内郡,太子町,NA,27381
大阪府,NA,南河内郡,河南町,NA,27382
大阪府,NA,南河内郡,千早赤阪村,NA,27383
兵庫県,NA,NA,神戸市,東灘区,28101
兵庫県,NA,NA,神戸市,灘区,28102
兵庫県,NA,NA,神戸市,兵庫区,28105
兵庫県,NA,NA,神戸市,長田区,28106
兵庫県,NA,NA,神戸市,須磨区,28107
兵庫県,NA,NA,神戸市,垂水区,28108
兵庫県,NA,NA,神戸市,北区,28109
兵庫県,NA,NA,神戸市,中央区,28110
兵庫県,NA,NA,神戸市,西区,28111
兵庫県,NA,NA,姫路市,NA,28201
兵庫県,NA,NA,尼崎市,NA,28202
兵庫県,NA,NA,明石市,NA,28203
兵庫県,NA,NA,西宮市,NA,28204
兵庫県,NA,NA,洲本市,NA,28205
兵庫県,NA,NA,芦屋市,NA,28206
兵庫県,NA,NA,伊丹市,NA,28207
兵庫県,NA,NA,相生市,NA,28208
兵庫県,NA,NA,豊岡市,NA,28209
兵庫県,NA,NA,加古川市,NA,28210
兵庫県,NA,NA,赤穂市,NA,28212
兵庫県,NA,NA,西脇市,NA,28213
兵庫県,NA,NA,宝塚市,NA,28214
兵庫県,NA,NA,三木市,NA,28215
兵庫県,NA,NA,高砂市,NA,28216
兵庫県,NA,NA,川西市,NA,28217
兵庫県,NA,NA,小野市,NA,28218
兵庫県,NA,NA,三田市,NA,28219
兵庫県,NA,NA,加西市,NA,28220
兵庫県,NA,NA,丹波篠山市,NA,28221
兵庫県,NA,NA,養父市,NA,28222
兵庫県,NA,NA,丹波市,NA,28223
兵庫県,NA,NA,南あわじ市,NA,28224
兵庫県,NA,NA,朝来市,NA,28225
兵庫県,NA,NA,淡路市,NA,28226
兵庫県,NA,NA,宍粟市,NA,28227
兵庫県,NA,NA,加東市,NA,28228
兵庫県,NA,NA,たつの市,NA,28229
兵庫県,NA,川辺郡,猪名川町,NA,28301
兵庫県,NA,多可郡,多可町,NA,28365
兵庫県,NA,加古郡,稲美町,NA,28381
兵庫県,NA,加古郡,播磨町,NA,28382
兵庫県,NA,神崎郡,市川町,NA,28442
兵庫県,NA,神崎郡,福崎町,NA,28443
兵庫県,NA,神崎郡,神河町,NA,28446
兵庫県,NA,揖保郡,太子町,NA,28464
兵庫県,NA,赤穂郡,上郡町,NA,28481
兵庫県,NA,佐用郡,佐用町,NA,28501
兵庫県,NA,美方郡,香美町,NA,28585
兵庫県,NA,美方郡,新温泉町,NA,28586
奈良県,NA,NA,奈良市,NA,29201
奈良県,NA,NA,大和高田市,NA,29202
奈良県,NA,NA,大和郡山市,NA,29203
奈良県,NA,NA,天理市,NA,29204
奈良県,NA,NA,橿原市,NA,29205
奈良県,NA,NA,桜井市,NA,29206
奈良県,NA,NA,五條市,NA,29207
奈良県,NA,NA,御所市,NA,29208
奈良県,NA,NA,生駒市,NA,29209
奈良県,NA,NA,香芝市,NA,29210
奈良県,NA,NA,葛城市,NA,29211
奈良県,NA,NA,宇陀市,NA,29212
奈良県,NA,山辺郡,山添村,NA,29322
奈良県,NA,生駒郡,平群町,NA,29342
奈良県,NA,生駒郡,三郷町,NA,29343
奈良県,NA,生駒郡,斑鳩町,NA,29344
奈良県,NA,生駒郡,安堵町,NA,29345
奈良県,NA,磯城郡,川西町,NA,29361
奈良県,NA,磯城郡,三宅町,NA,29362
奈良県,NA,磯城郡,田原本町,NA,29363
奈良県,NA,宇陀郡,曽爾村,NA,29385
奈良県,NA,宇陀郡,御杖村,NA,29386
奈良県,NA,高市郡,高取町,NA,29401
奈良県,NA,高市郡,明日香村,NA,29402
奈良県,NA,北葛城郡,上牧町,NA,29424
奈良県,NA,北葛城郡,王寺町,NA,29425
奈良県,NA,北葛城郡,広陵町,NA,29426
奈良県,NA,北葛城郡,河合町,NA,29427
奈良県,NA,吉野郡,吉野町,NA,29441
奈良県,NA,吉野郡,大淀町,NA,29442
奈良県,NA,吉野郡,下市町,NA,29443
奈良県,NA,吉野郡,黒滝村,NA,29444
奈良県,NA,吉野郡,天川村,NA,29446
奈良県,NA,吉野郡,野迫川村,NA,29447
奈良県,NA,吉野郡,十津川村,NA,29449
奈良県,NA,吉野郡,下北山村,NA,29450
奈良県,NA,吉野郡,上北山村,NA,29451
奈良県,NA,吉野郡,川上村,NA,29452
奈良県,NA,吉野郡,東吉野村,NA,29453
和歌山県,NA,NA,所属未定地,NA,30000
和歌山県,NA,NA,和歌山市,NA,30201
和歌山県,NA,NA,海南市,NA,30202
和歌山県,NA,NA,橋本市,NA,30203
和歌山県,NA,NA,有田市,NA,30204
和歌山県,NA,NA,御坊市,NA,30205
和歌山県,NA,NA,田辺市,NA,30206
和歌山県,NA,NA,新宮市,NA,30207
和歌山県,NA,NA,紀の川市,NA,30208
和歌山県,NA,NA,岩出市,NA,30209
和歌山県,NA,海草郡,紀美野町,NA,30304
和歌山県,NA,伊都郡,かつらぎ町,NA,30341
和歌山県,NA,伊都郡,九度山町,NA,30343
和歌山県,NA,伊都郡,高野町,NA,30344
和歌山県,NA,有田郡,湯浅町,NA,30361
和歌山県,NA,有田郡,広川町,NA,30362
和歌山県,NA,有田郡,有田川町,NA,30366
和歌山県,NA,日高郡,美浜町,NA,30381
和歌山県,NA,日高郡,日高町,NA,30382
和歌山県,NA,日高郡,由良町,NA,30383
和歌山県,NA,日高郡,印南町,NA,30390
和歌山県,NA,日高郡,みなべ町,NA,30391
和歌山県,NA,日高郡,日高川町,NA,30392
和歌山県,NA,西牟婁郡,白浜町,NA,30401
和歌山県,NA,西牟婁郡,上富田町,NA,30404
和歌山県,NA,西牟婁郡,すさみ町,NA,30406
和歌山県,NA,東牟婁郡,那智勝浦町,NA,30421
和歌山県,NA,東牟婁郡,太地町,NA,30422
和歌山県,NA,東牟婁郡,古座川町,NA,30424
和歌山県,NA,東牟婁郡,北山村,NA,30427
和歌山県,NA,東牟婁郡,串本町,NA,30428
鳥取県,NA,NA,鳥取市,NA,31201
鳥取県,NA,NA,米子市,NA,31202
鳥取県,NA,NA,倉吉市,NA,31203
鳥取県,NA,NA,境港市,NA,31204
鳥取県,NA,岩美郡,岩美町,NA,31302
鳥取県,NA,八頭郡,若桜町,NA,31325
鳥取県,NA,八頭郡,智頭町,NA,31328
鳥取県,NA,八頭郡,八頭町,NA,31329
鳥取県,NA,東伯郡,三朝町,NA,31364
鳥取県,NA,東伯郡,湯梨浜町,NA,31370
鳥取県,NA,東伯郡,琴浦町,NA,31371
鳥取県,NA,東伯郡,北栄町,NA,31372
鳥取県,NA,西伯郡,日吉津村,NA,31384
鳥取県,NA,西伯郡,大山町,NA,31386
鳥取県,NA,西伯郡,南部町,NA,31389
鳥取県,NA,西伯郡,伯耆町,NA,31390
鳥取県,NA,日野郡,日南町,NA,31401
鳥取県,NA,日野郡,日野町,NA,31402
鳥取県,NA,日野郡,江府町,NA,31403
島根県,NA,NA,松江市,NA,32201
島根県,NA,NA,浜田市,NA,32202
島根県,NA,NA,出雲市,NA,32203
島根県,NA,NA,益田市,NA,32204
島根県,NA,NA,大田市,NA,32205
島根県,NA,NA,安来市,NA,32206
島根県,NA,NA,江津市,NA,32207
島根県,NA,NA,雲南市,NA,32209
島根県,NA,仁多郡,奥出雲町,NA,32343
島根県,NA,飯石郡,飯南町,NA,32386
島根県,NA,邑智郡,川本町,NA,32441
島根県,NA,邑智郡,美郷町,NA,32448
島根県,NA,邑智郡,邑南町,NA,32449
島根県,NA,鹿足郡,津和野町,NA,32501
島根県,NA,鹿足郡,吉賀町,NA,32505
島根県,NA,隠岐郡,海士町,NA,32525
島根県,NA,隠岐郡,西ノ島町,NA,32526
島根県,NA,隠岐郡,知夫村,NA,32527
島根県,NA,隠岐郡,隠岐の島町,NA,32528
岡山県,NA,NA,岡山市,北区,33101
岡山県,NA,NA,岡山市,中区,33102
岡山県,NA,NA,岡山市,東区,33103
岡山県,NA,NA,岡山市,南区,33104
岡山県,NA,NA,倉敷市,NA,33202
岡山県,NA,NA,津山市,NA,33203
岡山県,NA,NA,玉野市,NA,33204
岡山県,NA,NA,笠岡市,NA,33205
岡山県,NA,NA,井原市,NA,33207
岡山県,NA,NA,総社市,NA,33208
岡山県,NA,NA,高梁市,NA,33209
岡山県,NA,NA,新見市,NA,33210
岡山県,NA,NA,備前市,NA,33211
岡山県,NA,NA,瀬戸内市,NA,33212
岡山県,NA,NA,赤磐市,NA,33213
岡山県,NA,NA,真庭市,NA,33214
岡山県,NA,NA,美作市,NA,33215
岡山県,NA,NA,浅口市,NA,33216
岡山県,NA,和気郡,和気町,NA,33346
岡山県,NA,都窪郡,早島町,NA,33423
岡山県,NA,浅口郡,里庄町,NA,33445
岡山県,NA,小田郡,矢掛町,NA,33461
岡山県,NA,真庭郡,新庄村,NA,33586
岡山県,NA,苫田郡,鏡野町,NA,33606
岡山県,NA,勝田郡,勝央町,NA,33622
岡山県,NA,勝田郡,奈義町,NA,33623
岡山県,NA,英田郡,西粟倉村,NA,33643
岡山県,NA,久米郡,久米南町,NA,33663
岡山県,NA,久米郡,美咲町,NA,33666
岡山県,NA,加賀郡,吉備中央町,NA,33681
広島県,NA,NA,広島市,中区,34101
広島県,NA,NA,広島市,東区,34102
広島県,NA,NA,広島市,南区,34103
広島県,NA,NA,広島市,西区,34104
広島県,NA,NA,広島市,安佐南区,34105
広島県,NA,NA,広島市,安佐北区,34106
広島県,NA,NA,広島市,安芸区,34107
広島県,NA,NA,広島市,佐伯区,34108
広島県,NA,NA,呉市,NA,34202
広島県,NA,NA,竹原市,NA,34203
広島県,NA,NA,三原市,NA,34204
広島県,NA,NA,尾道市,NA,34205
広島県,NA,NA,福山市,NA,34207
広島県,NA,NA,府中市,NA,34208
広島県,NA,NA,三次市,NA,34209
広島県,NA,NA,庄原市,NA,34210
広島県,NA,NA,大竹市,NA,34211
広島県,NA,NA,東広島市,NA,34212
広島県,NA,NA,廿日市市,NA,34213
広島県,NA,NA,安芸高田市,NA,34214
広島県,NA,NA,江田島市,NA,34215
広島県,NA,安芸郡,府中町,NA,34302
広島県,NA,安芸郡,海田町,NA,34304
広島県,NA,安芸郡,熊野町,NA,34307
広島県,NA,安芸郡,坂町,NA,34309
広島県,NA,山県郡,安芸太田町,NA,34368
広島県,NA,山県郡,北広島町,NA,34369
広島県,NA,豊田郡,大崎上島町,NA,34431
広島県,NA,世羅郡,世羅町,NA,34462
広島県,NA,神石郡,神石高原町,NA,34545
山口県,NA,NA,下関市,NA,35201
山口県,NA,NA,宇部市,NA,35202
山口県,NA,NA,山口市,NA,35203
山口県,NA,NA,萩市,NA,35204
山口県,NA,NA,防府市,NA,35206
山口県,NA,NA,下松市,NA,35207
山口県,NA,NA,岩国市,NA,35208
山口県,NA,NA,光市,NA,35210
山口県,NA,NA,長門市,NA,35211
山口県,NA,NA,柳井市,NA,35212
山口県,NA,NA,美祢市,NA,35213
山口県,NA,NA,周南市,NA,35215
山口県,NA,NA,山陽小野田市,NA,35216
山口県,NA,大島郡,周防大島町,NA,35305
山口県,NA,玖珂郡,和木町,NA,35321
山口県,NA,熊毛郡,上関町,NA,35341
山口県,NA,熊毛郡,田布施町,NA,35343
山口県,NA,熊毛郡,平生町,NA,35344
山口県,NA,阿武郡,阿武町,NA,35502
徳島県,NA,NA,徳島市,NA,36201
徳島県,NA,NA,鳴門市,NA,36202
徳島県,NA,NA,小松島市,NA,36203
徳島県,NA,NA,阿南市,NA,36204
徳島県,NA,NA,吉野川市,NA,36205
徳島県,NA,NA,阿波市,NA,36206
徳島県,NA,NA,美馬市,NA,36207
徳島県,NA,NA,三好市,NA,36208
徳島県,NA,勝浦郡,勝浦町,NA,36301
徳島県,NA,勝浦郡,上勝町,NA,36302
徳島県,NA,名東郡,佐那河内村,NA,36321
徳島県,NA,名西郡,石井町,NA,36341
徳島県,NA,名西郡,神山町,NA,36342
徳島県,NA,那賀郡,那賀町,NA,36368
徳島県,NA,海部郡,牟岐町,NA,36383
徳島県,NA,海部郡,美波町,NA,36387
徳島県,NA,海部郡,海陽町,NA,36388
徳島県,NA,板野郡,松茂町,NA,36401
徳島県,NA,板野郡,北島町,NA,36402
徳島県,NA,板野郡,藍住町,NA,36403
徳島県,NA,板野郡,板野町,NA,36404
徳島県,NA,板野郡,上板町,NA,36405
徳島県,NA,美馬郡,つるぎ町,NA,36468
徳島県,NA,三好郡,東みよし町,NA,36489
香川県,NA,NA,高松市,NA,37201
香川県,NA,NA,丸亀市,NA,37202
香川県,NA,NA,坂出市,NA,37203
香川県,NA,NA,善通寺市,NA,37204
香川県,NA,NA,観音寺市,NA,37205
香川県,NA,NA,さぬき市,NA,37206
香川県,NA,NA,東かがわ市,NA,37207
香川県,NA,NA,三豊市,NA,37208
香川県,NA,小豆郡,土庄町,NA,37322
香川県,NA,小豆郡,小豆島町,NA,37324
香川県,NA,木田郡,三木町,NA,37341
香川県,NA,香川郡,直島町,NA,37364
香川県,NA,綾歌郡,宇多津町,NA,37386
香川県,NA,綾歌郡,綾川町,NA,37387
香川県,NA,仲多度郡,琴平町,NA,37403
香川県,NA,仲多度郡,多度津町,NA,37404
香川県,NA,仲多度郡,まんのう町,NA,37406
愛媛県,NA,NA,松山市,NA,38201
愛媛県,NA,NA,今治市,NA,38202
愛媛県,NA,NA,宇和島市,NA,38203
愛媛県,NA,NA,八幡浜市,NA,38204
愛媛県,NA,NA,新居浜市,NA,38205
愛媛県,NA,NA,西条市,NA,38206
愛媛県,NA,NA,大洲市,NA,38207
愛媛県,NA,NA,伊予市,NA,38210
愛媛県,NA,NA,四国中央市,NA,38213
愛媛県,NA,NA,西予市,NA,38214
愛媛県,NA,NA,東温市,NA,38215
愛媛県,NA,越智郡,上島町,NA,38356
愛媛県,NA,上浮穴郡,久万高原町,NA,38386
愛媛県,NA,伊予郡,松前町,NA,38401
愛媛県,NA,伊予郡,砥部町,NA,38402
愛媛県,NA,喜多郡,内子町,NA,38422
愛媛県,NA,西宇和郡,伊方町,NA,38442
愛媛県,NA,北宇和郡,松野町,NA,38484
愛媛県,NA,北宇和郡,鬼北町,NA,38488
愛媛県,NA,南宇和郡,愛南町,NA,38506
高知県,NA,NA,高知市,NA,39201
高知県,NA,NA,室戸市,NA,39202
高知県,NA,NA,安芸市,NA,39203
高知県,NA,NA,南国市,NA,39204
高知県,NA,NA,土佐市,NA,39205
高知県,NA,NA,須崎市,NA,39206
高知県,NA,NA,宿毛市,NA,39208
高知県,NA,NA,土佐清水市,NA,39209
高知県,NA,NA,四万十市,NA,39210
高知県,NA,NA,香南市,NA,39211
高知県,NA,NA,香美市,NA,39212
高知県,NA,安芸郡,東洋町,NA,39301
高知県,NA,安芸郡,奈半利町,NA,39302
高知県,NA,安芸郡,田野町,NA,39303
高知県,NA,安芸郡,安田町,NA,39304
高知県,NA,安芸郡,北川村,NA,39305
高知県,NA,安芸郡,馬路村,NA,39306
高知県,NA,安芸郡,芸西村,NA,39307
高知県,NA,長岡郡,本山町,NA,39341
高知県,NA,長岡郡,大豊町,NA,39344
高知県,NA,土佐郡,土佐町,NA,39363
高知県,NA,土佐郡,大川村,NA,39364
高知県,NA,吾川郡,いの町,NA,39386
高知県,NA,吾川郡,仁淀川町,NA,39387
高知県,NA,高岡郡,中土佐町,NA,39401
高知県,NA,高岡郡,佐川町,NA,39402
高知県,NA,高岡郡,越知町,NA,39403
高知県,NA,高岡郡,檮原町,NA,39405
高知県,NA,高岡郡,日高村,NA,39410
高知県,NA,高岡郡,津野町,NA,39411
高知県,NA,高岡郡,四万十町,NA,39412
高知県,NA,幡多郡,大月町,NA,39424
高知県,NA,幡多郡,三原村,NA,39427
高知県,NA,幡多郡,黒潮町,NA,39428
福岡県,NA,NA,所属未定地,NA,40000
福岡県,NA,NA,北九州市,門司区,40101
福岡県,NA,NA,北九州市,若松区,40103
福岡県,NA,NA,北九州市,戸畑区,40105
福岡県,NA,NA,北九州市,小倉北区,40106
福岡県,NA,NA,北九州市,小倉南区,40107
福岡県,NA,NA,北九州市,八幡東区,40108
福岡県,NA,NA,北九州市,八幡西区,40109
福岡県,NA,NA,福岡市,東区,40131
福岡県,NA,NA,福岡市,博多区,40132
福岡県,NA,NA,福岡市,中央区,40133
福岡県,NA,NA,福岡市,南区,40134
福岡県,NA,NA,福岡市,西区,40135
福岡県,NA,NA,福岡市,城南区,40136
福岡県,NA,NA,福岡市,早良区,40137
福岡県,NA,NA,大牟田市,NA,40202
福岡県,NA,NA,久留米市,NA,40203
福岡県,NA,NA,直方市,NA,40204
福岡県,NA,NA,飯塚市,NA,40205
福岡県,NA,NA,田川市,NA,40206
福岡県,NA,NA,柳川市,NA,40207
福岡県,NA,NA,八女市,NA,40210
福岡県,NA,NA,筑後市,NA,40211
福岡県,NA,NA,大川市,NA,40212
福岡県,NA,NA,行橋市,NA,40213
福岡県,NA,NA,豊前市,NA,40214
福岡県,NA,NA,中間市,NA,40215
福岡県,NA,NA,小郡市,NA,40216
福岡県,NA,NA,筑紫野市,NA,40217
福岡県,NA,NA,春日市,NA,40218
福岡県,NA,NA,大野城市,NA,40219
福岡県,NA,NA,宗像市,NA,40220
福岡県,NA,NA,太宰府市,NA,40221
福岡県,NA,NA,古賀市,NA,40223
福岡県,NA,NA,福津市,NA,40224
福岡県,NA,NA,うきは市,NA,40225
福岡県,NA,NA,宮若市,NA,40226
福岡県,NA,NA,嘉麻市,NA,40227
福岡県,NA,NA,朝倉市,NA,40228
福岡県,NA,NA,みやま市,NA,40229
福岡県,NA,NA,糸島市,NA,40230
福岡県,NA,NA,那珂川市,NA,40231
福岡県,NA,糟屋郡,宇美町,NA,40341
福岡県,NA,糟屋郡,篠栗町,NA,40342
福岡県,NA,糟屋郡,志免町,NA,40343
福岡県,NA,糟屋郡,須恵町,NA,40344
福岡県,NA,糟屋郡,新宮町,NA,40345
福岡県,NA,糟屋郡,久山町,NA,40348
福岡県,NA,糟屋郡,粕屋町,NA,40349
福岡県,NA,遠賀郡,芦屋町,NA,40381
福岡県,NA,遠賀郡,水巻町,NA,40382
福岡県,NA,遠賀郡,岡垣町,NA,40383
福岡県,NA,遠賀郡,遠賀町,NA,40384
福岡県,NA,鞍手郡,小竹町,NA,40401
福岡県,NA,鞍手郡,鞍手町,NA,40402
福岡県,NA,嘉穂郡,桂川町,NA,40421
福岡県,NA,朝倉郡,筑前町,NA,40447
福岡県,NA,朝倉郡,東峰村,NA,40448
福岡県,NA,三井郡,大刀洗町,NA,40503
福岡県,NA,三潴郡,大木町,NA,40522
福岡県,NA,八女郡,広川町,NA,40544
福岡県,NA,田川郡,香春町,NA,40601
福岡県,NA,田川郡,添田町,NA,40602
福岡県,NA,田川郡,糸田町,NA,40604
福岡県,NA,田川郡,川崎町,NA,40605
福岡県,NA,田川郡,大任町,NA,40608
福岡県,NA,田川郡,赤村,NA,40609
福岡県,NA,田川郡,福智町,NA,40610
福岡県,NA,京都郡,苅田町,NA,40621
福岡県,NA,京都郡,みやこ町,NA,40625
福岡県,NA,築上郡,吉富町,NA,40642
福岡県,NA,築上郡,上毛町,NA,40646
福岡県,NA,築上郡,築上町,NA,40647
佐賀県,NA,NA,佐賀市,NA,41201
佐賀県,NA,NA,唐津市,NA,41202
佐賀県,NA,NA,鳥栖市,NA,41203
佐賀県,NA,NA,多久市,NA,41204
佐賀県,NA,NA,伊万里市,NA,41205
佐賀県,NA,NA,武雄市,NA,41206
佐賀県,NA,NA,鹿島市,NA,41207
佐賀県,NA,NA,小城市,NA,41208
佐賀県,NA,NA,嬉野市,NA,41209
佐賀県,NA,NA,神埼市,NA,41210
佐賀県,NA,神埼郡,吉野ヶ里町,NA,41327
佐賀県,NA,三養基郡,基山町,NA,41341
佐賀県,NA,三養基郡,上峰町,NA,41345
佐賀県,NA,三養基郡,みやき町,NA,41346
佐賀県,NA,東松浦郡,玄海町,NA,41387
佐賀県,NA,西松浦郡,有田町,NA,41401
佐賀県,NA,杵島郡,大町町,NA,41423
佐賀県,NA,杵島郡,江北町,NA,41424
佐賀県,NA,杵島郡,白石町,NA,41425
佐賀県,NA,藤津郡,太良町,NA,41441
長崎県,NA,NA,長崎市,NA,42201
長崎県,NA,NA,佐世保市,NA,42202
長崎県,NA,NA,島原市,NA,42203
長崎県,NA,NA,諫早市,NA,42204
長崎県,NA,NA,大村市,NA,42205
長崎県,NA,NA,平戸市,NA,42207
長崎県,NA,NA,松浦市,NA,42208
長崎県,NA,NA,対馬市,NA,42209
長崎県,NA,NA,壱岐市,NA,42210
長崎県,NA,NA,五島市,NA,42211
長崎県,NA,NA,西海市,NA,42212
長崎県,NA,NA,雲仙市,NA,42213
長崎県,NA,NA,南島原市,NA,42214
長崎県,NA,西彼杵郡,長与町,NA,42307
長崎県,NA,西彼杵郡,時津町,NA,42308
長崎県,NA,東彼杵郡,東彼杵町,NA,42321
長崎県,NA,東彼杵郡,川棚町,NA,42322
長崎県,NA,東彼杵郡,波佐見町,NA,42323
長崎県,NA,北松浦郡,小値賀町,NA,42383
長崎県,NA,北松浦郡,佐々町,NA,42391
長崎県,NA,南松浦郡,新上五島町,NA,42411
熊本県,NA,NA,熊本市,中央区,43101
熊本県,NA,NA,熊本市,東区,43102
熊本県,NA,NA,熊本市,西区,43103
熊本県,NA,NA,熊本市,南区,43104
熊本県,NA,NA,熊本市,北区,43105
熊本県,NA,NA,八代市,NA,43202
熊本県,NA,NA,人吉市,NA,43203
熊本県,NA,NA,荒尾市,NA,43204
熊本県,NA,NA,水俣市,NA,43205
熊本県,NA,NA,玉名市,NA,43206
熊本県,NA,NA,山鹿市,NA,43208
熊本県,NA,NA,菊池市,NA,43210
熊本県,NA,NA,宇土市,NA,43211
熊本県,NA,NA,上天草市,NA,43212
熊本県,NA,NA,宇城市,NA,43213
熊本県,NA,NA,阿蘇市,NA,43214
熊本県,NA,NA,天草市,NA,43215
熊本県,NA,NA,合志市,NA,43216
熊本県,NA,下益城郡,美里町,NA,43348
熊本県,NA,玉名郡,玉東町,NA,43364
熊本県,NA,玉名郡,南関町,NA,43367
熊本県,NA,玉名郡,長洲町,NA,43368
熊本県,NA,玉名郡,和水町,NA,43369
熊本県,NA,菊池郡,大津町,NA,43403
熊本県,NA,菊池郡,菊陽町,NA,43404
熊本県,NA,阿蘇郡,南小国町,NA,43423
熊本県,NA,阿蘇郡,小国町,NA,43424
熊本県,NA,阿蘇郡,産山村,NA,43425
熊本県,NA,阿蘇郡,高森町,NA,43428
熊本県,NA,阿蘇郡,西原村,NA,43432
熊本県,NA,阿蘇郡,南阿蘇村,NA,43433
熊本県,NA,上益城郡,御船町,NA,43441
熊本県,NA,上益城郡,嘉島町,NA,43442
熊本県,NA,上益城郡,益城町,NA,43443
熊本県,NA,上益城郡,甲佐町,NA,43444
熊本県,NA,上益城郡,山都町,NA,43447
熊本県,NA,八代郡,氷川町,NA,43468
熊本県,NA,葦北郡,芦北町,NA,43482
熊本県,NA,葦北郡,津奈木町,NA,43484
熊本県,NA,球磨郡,錦町,NA,43501
熊本県,NA,球磨郡,多良木町,NA,43505
熊本県,NA,球磨郡,湯前町,NA,43506
熊本県,NA,球磨郡,水上村,NA,43507
熊本県,NA,球磨郡,相良村,NA,43510
熊本県,NA,球磨郡,五木村,NA,43511
熊本県,NA,球磨郡,山江村,NA,43512
熊本県,NA,球磨郡,球磨村,NA,43513
熊本県,NA,球磨郡,あさぎり町,NA,43514
熊本県,NA,天草郡,苓北町,NA,43531
大分県,NA,NA,大分市,NA,44201
大分県,NA,NA,別府市,NA,44202
大分県,NA,NA,中津市,NA,44203
大分県,NA,NA,日田市,NA,44204
大分県,NA,NA,佐伯市,NA,44205
大分県,NA,NA,臼杵市,NA,44206
大分県,NA,NA,津久見市,NA,44207
大分県,NA,NA,竹田市,NA,44208
大分県,NA,NA,豊後高田市,NA,44209
大分県,NA,NA,杵築市,NA,44210
大分県,NA,NA,宇佐市,NA,44211
大分県,NA,NA,豊後大野市,NA,44212
大分県,NA,NA,由布市,NA,44213
大分県,NA,NA,国東市,NA,44214
大分県,NA,東国東郡,姫島村,NA,44322
大分県,NA,速見郡,日出町,NA,44341
大分県,NA,玖珠郡,九重町,NA,44461
大分県,NA,玖珠郡,玖珠町,NA,44462
宮崎県,NA,NA,宮崎市,NA,45201
宮崎県,NA,NA,都城市,NA,45202
宮崎県,NA,NA,延岡市,NA,45203
宮崎県,NA,NA,日南市,NA,45204
宮崎県,NA,NA,小林市,NA,45205
宮崎県,NA,NA,日向市,NA,45206
宮崎県,NA,NA,串間市,NA,45207
宮崎県,NA,NA,西都市,NA,45208
宮崎県,NA,NA,えびの市,NA,45209
宮崎県,NA,北諸県郡,三股町,NA,45341
宮崎県,NA,西諸県郡,高原町,NA,45361
宮崎県,NA,東諸県郡,国富町,NA,45382
宮崎県,NA,東諸県郡,綾町,NA,45383
宮崎県,NA,児湯郡,高鍋町,NA,45401
宮崎県,NA,児湯郡,新富町,NA,45402
宮崎県,NA,児湯郡,西米良村,NA,45403
宮崎県,NA,児湯郡,木城町,NA,45404
宮崎県,NA,児湯郡,川南町,NA,45405
宮崎県,NA,児湯郡,都農町,NA,45406
宮崎県,NA,東臼杵郡,門川町,NA,45421
宮崎県,NA,東臼杵郡,諸塚村,NA,45429
宮崎県,NA,東臼杵郡,椎葉村,NA,45430
宮崎県,NA,東臼杵郡,美郷町,NA,45431
宮崎県,NA,西臼杵郡,高千穂町,NA,45441
宮崎県,NA,西臼杵郡,日之影町,NA,45442
宮崎県,NA,西臼杵郡,五ヶ瀬町,NA,45443
鹿児島県,NA,NA,所属未定地,NA,46000
鹿児島県,NA,NA,鹿児島市,NA,46201
鹿児島県,NA,NA,鹿屋市,NA,46203
鹿児島県,NA,NA,枕崎市,NA,46204
鹿児島県,NA,NA,阿久根市,NA,46206
鹿児島県,NA,NA,出水市,NA,46208
鹿児島県,NA,NA,指宿市,NA,46210
鹿児島県,NA,NA,西之表市,NA,46213
鹿児島県,NA,NA,垂水市,NA,46214
鹿児島県,NA,NA,薩摩川内市,NA,46215
鹿児島県,NA,NA,日置市,NA,46216
鹿児島県,NA,NA,曽於市,NA,46217
鹿児島県,NA,NA,霧島市,NA,46218
鹿児島県,NA,NA,いちき串木野市,NA,46219
鹿児島県,NA,NA,南さつま市,NA,46220
鹿児島県,NA,NA,志布志市,NA,46221
鹿児島県,NA,NA,奄美市,NA,46222
鹿児島県,NA,NA,南九州市,NA,46223
鹿児島県,NA,NA,伊佐市,NA,46224
鹿児島県,NA,NA,姶良市,NA,46225
鹿児島県,NA,鹿児島郡,三島村,NA,46303
鹿児島県,NA,鹿児島郡,十島村,NA,46304
鹿児島県,NA,薩摩郡,さつま町,NA,46392
鹿児島県,NA,出水郡,長島町,NA,46404
鹿児島県,NA,姶良郡,湧水町,NA,46452
鹿児島県,NA,曽於郡,大崎町,NA,46468
鹿児島県,NA,肝属郡,東串良町,NA,46482
鹿児島県,NA,肝属郡,錦江町,NA,46490
鹿児島県,NA,肝属郡,南大隅町,NA,46491
鹿児島県,NA,肝属郡,肝付町,NA,46492
鹿児島県,NA,熊毛郡,中種子町,NA,46501
鹿児島県,NA,熊毛郡,南種子町,NA,46502
鹿児島県,NA,熊毛郡,屋久島町,NA,46505
鹿児島県,NA,大島郡,大和村,NA,46523
鹿児島県,NA,大島郡,宇検村,NA,46524
鹿児島県,NA,大島郡,瀬戸内町,NA,46525
鹿児島県,NA,大島郡,龍郷町,NA,46527
鹿児島県,NA,大島郡,喜界町,NA,46529
鹿児島県,NA,大島郡,徳之島町,NA,46530
鹿児島県,NA,大島郡,天城町,NA,46531
鹿児島県,NA,大島郡,伊仙町,NA,46532
鹿児島県,NA,大島郡,和泊町,NA,46533
鹿児島県,NA,大島郡,知名町,NA,46534
鹿児島県,NA,大島郡,与論町,NA,46535
沖縄県,NA,NA,所属未定地,NA,47000
沖縄県,NA,NA,那覇市,NA,47201
沖縄県,NA,NA,宜野湾市,NA,47205
沖縄県,NA,NA,石垣市,NA,47207
沖縄県,NA,NA,浦添市,NA,47208
沖縄県,NA,NA,名護市,NA,47209
沖縄県,NA,NA,糸満市,NA,47210
沖縄県,NA,NA,沖縄市,NA,47211
沖縄県,NA,NA,豊見城市,NA,47212
沖縄県,NA,NA,うるま市,NA,47213
沖縄県,NA,NA,宮古島市,NA,47214
沖縄県,NA,NA,南城市,NA,47215
沖縄県,NA,国頭郡,国頭村,NA,47301
沖縄県,NA,国頭郡,大宜味村,NA,47302
沖縄県,NA,国頭郡,東村,NA,47303
沖縄県,NA,国頭郡,今帰仁村,NA,47306
沖縄県,NA,国頭郡,本部町,NA,47308
沖縄県,NA,国頭郡,恩納村,NA,47311
沖縄県,NA,国頭郡,宜野座村,NA,47313
沖縄県,NA,国頭郡,金武町,NA,47314
沖縄県,NA,国頭郡,伊江村,NA,47315
沖縄県,NA,中頭郡,読谷村,NA,47324
沖縄県,NA,中頭郡,嘉手納町,NA,47325
沖縄県,NA,中頭郡,北谷町,NA,47326
沖縄県,NA,中頭郡,北中城村,NA,47327
沖縄県,NA,中頭郡,中城村,NA,47328
沖縄県,NA,中頭郡,西原町,NA,47329
沖縄県,NA,島尻郡,与那原町,NA,47348
沖縄県,NA,島尻郡,南風原町,NA,47350
沖縄県,NA,島尻郡,渡嘉敷村,NA,47353
沖縄県,NA,島尻郡,座間味村,NA,47354
沖縄県,NA,島尻郡,粟国村,NA,47355
沖縄県,NA,島尻郡,渡名喜村,NA,47356
沖縄県,NA,島尻郡,南大東村,NA,47357
沖縄県,NA,島尻郡,北大東村,NA,47358
沖縄県,NA,島尻郡,伊平屋村,NA,47359
沖縄県,NA,島尻郡,伊是名村,NA,47360
沖縄県,NA,島尻郡,久米島町,NA,47361
沖縄県,NA,島尻郡,八重瀬町,NA,47362
沖縄県,NA,宮古郡,多良間村,NA,47375
沖縄県,NA,八重山郡,竹富町,NA,47381
沖縄県,NA,八重山郡,与那国町,NA,47382
