prefecture_code,prefecture_name,hospital_code,hospital_name,hospital_address,perinatal_center_type,WKT
01,北海道,0114110679,総合病院釧路赤十字病院,北海道釧路市新栄町２１番１４号,総合,POINT (144.3810059 43.0018456)
01,北海道,0110116381,市立札幌病院,北海道札幌市中央区北１１条西１３丁目１番１号,総合,POINT (141.334364 43.0711045)
01,北海道,0111410049,函館中央病院,北海道函館市本町３３番２号,総合,POINT (140.7518406 41.7868317)
01,北海道,0114614456,ＪＡ北海道厚生連帯広厚生病院,北海道帯広市西１４条南１０丁目１番地,総合,POINT (143.1810386 42.9194007)
01,北海道,0111416756,市立函館病院,北海道函館市港町１丁目１０番１号,地域,POINT (140.7294512 41.8053195)
01,北海道,0111610895,北海道立江差病院,北海道檜山郡江差町字伏木戸町４８４番地,地域,POINT (140.14481 41.913384)
01,北海道,0111510707,八雲総合病院,北海道二海郡八雲町東雲町５０番地,地域,POINT (140.2796817 42.2524929)
01,北海道,0110217759,天使病院,北海道札幌市東区北１２条東３丁目１番１号,地域,POINT (141.3573439 43.0765107)
01,北海道,0110310539,独立行政法人地域医療機能推進機構北海道病院,北海道札幌市豊平区中の島１条８丁目３番１８号,地域,POINT (141.356014 43.025592)
01,北海道,0110113719,ＮＴＴ東日本札幌病院,北海道札幌市中央区南１条西１５丁目２９０番地,地域,POINT (141.3347599 43.0559107)
01,北海道,0110414315,手稲渓仁会病院,北海道札幌市手稲区前田１条１２丁目１番４０号,地域,POINT (141.2433707 43.1225691)
01,北海道,0112010087,社会福祉法人北海道社会事業協会小樽病院,北海道小樽市住の江１丁目６番１５号,地域,POINT (141.004964 43.185698)
01,北海道,0115710303,岩見沢市立総合病院,北海道岩見沢市９条西７丁目２番地,地域,POINT (141.7653313 43.1953886)
01,北海道,0117510016,滝川市立病院,北海道滝川市大町２丁目２番３４号,地域,POINT (141.9114712 43.5585782)
01,北海道,0117110460,砂川市立病院,北海道砂川市西４条北３丁目１番１号,地域,POINT (141.904737 43.494576)
01,北海道,0117410530,深川市立病院,北海道深川市６条６番１号,地域,POINT (142.0402205 43.716131)
01,北海道,0113512040,社会医療法人母恋日鋼記念病院,北海道室蘭市新富町１丁目５番１３号,地域,POINT (140.9854373 42.3156455)
01,北海道,0113612931,王子総合病院,北海道苫小牧市若草町３丁目４番８号,地域,POINT (141.6037945 42.6385076)
01,北海道,0113613657,苫小牧市立病院,北海道苫小牧市清水町１丁目５番２０号,地域,POINT (141.6029421 42.6516629)
01,北海道,0112910062,旭川赤十字病院,北海道旭川市曙１条１丁目１番１号,地域,POINT (142.3483043 43.7696296)
01,北海道,0113211437,名寄市立総合病院,北海道名寄市西７条南８丁目１番地,地域,POINT (142.4519943 44.3489423)
01,北海道,0113011100,社会福祉法人北海道社会事業協会富良野病院,北海道富良野市住吉町１番３０号,地域,POINT (142.3925876 43.3478914)
01,北海道,0116411372,留萌市立病院,北海道留萌市東雲町２丁目１６番地,地域,POINT (141.6774546 43.931547)
01,北海道,0116710500,市立稚内病院,北海道稚内市中央４丁目１１番６号,地域,POINT (141.6734406 45.4131645)
01,北海道,0115310021,ＪＡ北海道厚生連網走厚生病院,北海道網走市北６条西１丁目９番地,地域,POINT (144.2628204 44.0257599)
01,北海道,0115410698,ＪＡ北海道厚生連遠軽厚生病院,北海道紋別郡遠軽町大通北３丁目１番５号,地域,POINT (143.5243675 44.0625264)
01,北海道,0115110934,広域紋別病院,北海道紋別市落石町１丁目３番３７号,地域,POINT (143.3467488 44.3617194)
01,北海道,0114613292,社会福祉法人北海道社会事業協会帯広病院,北海道帯広市東５条南９丁目２番地,地域,POINT (143.213993 42.9226623)
01,北海道,0114111859,市立釧路総合病院,北海道釧路市春湖台１番１２号,地域,POINT (144.4034569 42.9769509)
01,北海道,0118010016,北海道大学病院,北海道札幌市北区北１４条西５丁目,地域,POINT (141.3453257 43.0776584)
01,北海道,0110119385,札幌医科大学附属病院,北海道札幌市中央区南１条西１６丁目２９１番地,地域,POINT (141.3334851 43.0552652)
01,北海道,0112914577,ＪＡ北海道厚生連旭川厚生病院,北海道旭川市１条通２４丁目１１１番地３,地域,POINT (142.3849006 43.7588319)
01,北海道,0118010214,旭川医科大学病院,北海道旭川市緑が丘東２条１丁目１番１号,地域,POINT (142.3838219 43.730099)
01,北海道,0115010076,北見赤十字病院,北海道北見市北６条東２丁目１番地,地域,POINT (143.8935386 43.8085983)
01,北海道,0113810089,総合病院浦河赤十字病院,北海道浦河郡浦河町東町ちのみ１丁目２番１号,地域,POINT (142.7879195 42.159337)
01,北海道,0114210834,町立中標津病院,北海道標津郡中標津町西１０条南９丁目１番地１,地域,POINT (144.9725098 43.5365124)
02,青森県,0210114765,青森県立中央病院,青森県青森市東造道二丁目１－１,総合,POINT (140.793926 40.8295693)
02,青森県,0218010114,独立行政法人国立病院機構弘前総合医療センター,青森県弘前市大字富野町１,地域,POINT (140.4762611 40.5899911)
02,青森県,0210315255,八戸市立市民病院,青森県八戸市田向三丁目１番１号,地域,POINT (141.5125919 40.4934115)
02,青森県,0210810339,むつ総合病院,青森県むつ市小川町一丁目２－８,地域,POINT (141.2019942 41.2937132)
02,青森県,0218010221,弘前大学医学部附属病院,青森県弘前市大字本町５３,地域,POINT (140.466038 40.5991958)
03,岩手県,0312211212,岩手医科大学附属病院,岩手県紫波郡矢巾町医大通二丁目１番１号,総合,POINT (141.1630952 39.6143599)
03,岩手県,0310113311,岩手県立中央病院,岩手県盛岡市上田一丁目４番１号,地域,POINT (141.1460538 39.7133994)
03,岩手県,0310310537,岩手県立大船渡病院,岩手県大船渡市大船渡町字山馬越１０番地１,地域,POINT (141.707435 39.0726729)
03,岩手県,0310210588,岩手県立宮古病院,岩手県宮古市崎鍬ケ崎第１地割１１番地２６,地域,POINT (141.9483962 39.6587982)
03,岩手県,0310710355,岩手県立久慈病院,岩手県久慈市旭町第１０地割１番,地域,POINT (141.7774351 40.2001356)
03,岩手県,0310611546,岩手県立中部病院,岩手県北上市村崎野１７地割１０番地,地域,POINT (141.1050729 39.3296509)
03,岩手県,0310611827,社会福祉法人恩賜財団済生会北上済生会病院,岩手県北上市九年橋三丁目１５番３３号,地域,POINT (141.1082697 39.2847139)
03,岩手県,0310911458,岩手県立磐井病院,岩手県一関市狐禅寺字大平１７番地,地域,POINT (141.1698116 38.9354724)
03,岩手県,0311310122,岩手県立二戸病院,岩手県二戸市堀野字大川原毛３８番地２,地域,POINT (141.3060241 40.2999969)
03,岩手県,0310114137,盛岡赤十字病院,岩手県盛岡市三本柳６地割１番地１,地域,POINT (141.167492 39.6614885)
04,宮城県,0415410760,仙台赤十字病院,宮城県仙台市太白区八木山本町２ー４３ー３,総合,POINT (140.8398298 38.2364841)
04,宮城県,0418010146,東北大学病院,宮城県仙台市青葉区星陵町１－１,総合,POINT (140.8614401 38.2717828)
04,宮城県,0415116250,宮城県立こども病院,宮城県仙台市青葉区落合４－３－１７,地域,POINT (140.7823914 38.2748357)
04,宮城県,0418010179,独立行政法人国立病院機構仙台医療センター,宮城県仙台市宮城野区宮城野二丁目１１番１２号,地域,POINT (140.9059738 38.2600433)
04,宮城県,0415110030,国家公務員共済組合連合会東北公済病院,宮城県仙台市青葉区国分町　２ー３ー１１,地域,POINT (140.8683176 38.2628124)
04,宮城県,0415413269,仙台市立病院,宮城県仙台市太白区あすと長町１－１－１,地域,POINT (140.8883288 38.2319644)
04,宮城県,0411510019,大崎市民病院,宮城県大崎市古川穂波３－８－１,地域,POINT (140.9440631 38.5655457)
04,宮城県,0410210017,石巻赤十字病院,宮城県石巻市蛇田字西道下７１,地域,POINT (141.2801946 38.459043)
04,宮城県,0410510994,気仙沼市立病院,宮城県気仙沼市赤岩杉ノ沢８番地２,地域,POINT (141.5662743 38.8874806)
05,秋田県,0510114093,秋田赤十字病院,秋田県秋田市上北手猿田字苗代沢２２２番地１号,総合,POINT (140.1527078 39.6867785)
05,秋田県,0510311384,平鹿総合病院,秋田県横手市前郷字八ツ口３番１,地域,POINT (140.5493968 39.3124467)
05,秋田県,0510410194,大館市立総合病院,秋田県大館市豊町３番１号,地域,POINT (140.555194 40.273177)
05,秋田県,0518010046,秋田大学医学部附属病院,秋田県秋田市広面字蓮沼４４－２,地域,POINT (140.1492087 39.7302305)
06,山形県,0610114332,山形県立中央病院,山形県山形市青柳１８００,総合,POINT (140.3460862 38.3001045)
06,山形県,0616010021,国立大学法人山形大学医学部附属病院,山形県山形市飯田西２－２－２,地域,POINT (140.3204544 38.2151319)
06,山形県,0610113656,社会福祉法人恩賜財団済生会山形済生病院,山形県山形市沖町７９－１,地域,POINT (140.334946 38.28513)
06,山形県,0610712259,鶴岡市立荘内病院,山形県鶴岡市泉町４番２０号,地域,POINT (139.8296779 38.7317616)
07,福島県,0710116930,公立大学法人福島県立医科大学附属病院,福島県福島市光が丘１,総合,POINT (140.4708526 37.689546)
07,福島県,0710118035,一般財団法人大原記念財団大原綜合病院,福島県福島市上町６番１号,地域,POINT (140.468445 37.7530896)
07,福島県,0710312356,一般財団法人太田綜合病院附属太田西ノ内病院,福島県郡山市西ノ内２－５－２０,地域,POINT (140.3664967 37.4072161)
07,福島県,0710210246,竹田綜合病院,福島県会津若松市山鹿町３－２７,地域,POINT (139.9225151 37.4900675)
07,福島県,0710411497,いわき市医療センター,福島県いわき市内郷御厩町久世原１６,地域,POINT (140.8695414 37.0423873)
08,茨城県,0810312363,総合病院土浦協同病院,茨城県土浦市おおつ野四丁目１番１号,総合,POINT (140.2584852 36.0834296)
08,茨城県,0815110051,筑波大学附属病院,茨城県つくば市天久保２－１－１,総合,POINT (140.1021965 36.0922751)
08,茨城県,0810110213,茨城県立こども病院,茨城県水戸市双葉台３－３－１,総合,POINT (140.3939903 36.3988104)
08,茨城県,0810210047,株式会社日立製作所日立総合病院,茨城県日立市城南町２－１－１,地域,POINT (140.644757 36.590369)
08,茨城県,0810110056,水戸赤十字病院,茨城県水戸市三の丸３－１２－４８,地域,POINT (140.4865519 36.3712449)
08,茨城県,0811710102,ＪＡとりで総合医療センター,茨城県取手市本郷２－１－１,地域,POINT (140.068748 35.911038)
08,茨城県,0814310066,茨城西南医療センター病院,茨城県猿島郡境町２１９０,地域,POINT (139.796199 36.119008)
09,栃木県,0915210074,自治医科大学附属病院,栃木県下野市薬師寺３３１１－１,総合,POINT (139.8601471 36.3994906)
09,栃木県,0915210173,獨協医科大学病院,栃木県下都賀郡壬生町大字北小林８８０,総合,POINT (139.825293 36.472362)
09,栃木県,0916210115,済生会宇都宮病院,栃木県宇都宮市竹林町９１１－１,地域,POINT (139.8971554 36.5787979)
09,栃木県,0915110399,那須赤十字病院,栃木県大田原市中田原１０８１番地４,地域,POINT (140.0374531 36.881894)
09,栃木県,0910910538,芳賀赤十字病院,栃木県真岡市中萩二丁目１０番地１,地域,POINT (140.0118684 36.4515603)
09,栃木県,0915110373,日本赤十字社栃木県支部足利赤十字病院,栃木県足利市五十部町２８４番地１,地域,POINT (139.4218804 36.3393217)
09,栃木県,0910410489,佐野厚生総合病院,栃木県佐野市堀米町１７２８番地,地域,POINT (139.5734473 36.3251475)
09,栃木県,0915210181,国際医療福祉大学病院,栃木県那須塩原市井口５３７－３,地域,POINT (139.971231 36.912206)
10,群馬県,1015010042,群馬県立小児医療センター,群馬県渋川市北橘町下箱田７７９,総合,POINT (139.0468012 36.4594541)
10,群馬県,1017010016,群馬大学医学部附属病院,群馬県前橋市昭和町３－３９－１５,地域,POINT (139.0635127 36.4072126)
10,群馬県,1012410021,桐生厚生総合病院,群馬県桐生市織姫町６－３,地域,POINT (139.327534 36.405277)
10,群馬県,1010110037,独立行政法人地域医療機能推進機構群馬中央病院,群馬県前橋市紅雲町１－７－１３,地域,POINT (139.0609992 36.3862799)
10,群馬県,1011210414,公立藤岡総合病院,群馬県藤岡市中栗須８１３番地１,地域,POINT (139.0788194 36.2674459)
10,群馬県,1012510051,ＳＵＢＡＲＵ健康保険組合太田記念病院,群馬県太田市大島町４５５－１,地域,POINT (139.360687 36.2993581)
10,群馬県,1010112611,前橋赤十字病院,群馬県前橋市朝倉町３８９－１,地域,POINT (139.0964801 36.3591716)
10,群馬県,1017010024,独立行政法人国立病院機構高崎総合医療センター,群馬県高崎市高松町３６,地域,POINT (139.0022333 36.3216427)
11,埼玉県,1110402594,埼玉医科大学総合医療センター,埼玉県川越市鴨田１９８１番地,総合,POINT (139.5195958 35.9345947)
11,埼玉県,1116510416,埼玉県立小児医療センター,埼玉県さいたま市中央区新都心１番地２,総合,POINT (139.6319903 35.8912241)
11,埼玉県,1110205229,川口市立医療センター,埼玉県川口市大字西新井宿１８０,地域,POINT (139.7305664 35.8438364)
11,埼玉県,1114600656,深谷赤十字病院,埼玉県深谷市上柴町西５－８－１,地域,POINT (139.294764 36.1832343)
11,埼玉県,1112401966,埼玉医科大学病院,埼玉県入間郡毛呂山町毛呂本郷３８番地,地域,POINT (139.3064025 35.9389125)
11,埼玉県,1119900051,独立行政法人国立病院機構西埼玉中央病院,埼玉県所沢市若狭２－１６７１,地域,POINT (139.42472 35.803338)
11,埼玉県,1116500128,さいたま市立病院,埼玉県さいたま市緑区大字三室２４６０番地,地域,POINT (139.6777642 35.8911276)
11,埼玉県,1110201350,社会福祉法人恩賜財団済生会支部埼玉県済生会川口総合病院,埼玉県川口市西川口５－１１－５,地域,POINT (139.7027902 35.8094954)
11,埼玉県,1110304048,自治医科大学附属さいたま医療センター,埼玉県さいたま市大宮区天沼町１－８４７,地域,POINT (139.6456012 35.9071317)
11,埼玉県,1119900028,独立行政法人国立病院機構埼玉病院,埼玉県和光市諏訪２－１,地域,POINT (139.6186205 35.7759879)
11,埼玉県,1110801563,学校法人獨協学園獨協医科大学埼玉医療センター,埼玉県越谷市南越谷２－１－５０,地域,POINT (139.7898501 35.8786458)
11,埼玉県,1110603332,春日部市立医療センター,埼玉県春日部市中央六丁目七番地１,地域,POINT (139.7514961 35.9744144)
12,千葉県,1213910221,医療法人鉄蕉会亀田総合病院,千葉県鴨川市東町９２９,総合,POINT (140.1265691 35.1204927)
12,千葉県,1210411736,東京女子医科大学附属八千代医療センター,千葉県八千代市大和田新田４７７－９６,総合,POINT (140.0968203 35.7304654)
12,千葉県,1219210014,千葉大学医学部附属病院,千葉県千葉市中央区亥鼻１－８－１,総合,POINT (140.1359991 35.6042944)
12,千葉県,1211411255,総合病院国保旭中央病院,千葉県旭市イの１３２６,地域,POINT (140.6640209 35.7177437)
12,千葉県,1212810018,独立行政法人地域医療機能推進機構船橋中央病院,千葉県船橋市海神６－１３－１０,地域,POINT (139.9700005 35.7058901)
12,千葉県,1211010149,国保直営総合病院君津中央病院,千葉県木更津市桜井１０１０,地域,POINT (139.9241246 35.3602108)
12,千葉県,1214210639,東邦大学医療センター佐倉病院,千葉県佐倉市下志津５６４－１,地域,POINT (140.1681094 35.7171554)
12,千葉県,1211910363,学校法人順天堂順天堂大学医学部附属浦安病院,千葉県浦安市富岡２‐１‐１,地域,POINT (139.9071414 35.6459495)
12,千葉県,1210112524,千葉市立海浜病院,千葉県千葉市美浜区磯辺３－３１－１,地域,POINT (140.0514182 35.6278038)
12,千葉県,1214310041,日本赤十字社成田赤十字病院,千葉県成田市飯田町９０－１,地域,POINT (140.3038051 35.7649674)
12,千葉県,1210113191,千葉県こども病院,千葉県千葉市緑区辺田町５７９－１,地域,POINT (140.1908296 35.5579976)
12,千葉県,1212416527,松戸市立総合医療センター,千葉県松戸市千駄堀９９３－１,地域,POINT (139.9328228 35.8029852)
13,東京都,1310770792,地方独立行政法人東京都立病院機構東京都立墨東病院,東京都墨田区江東橋４－２３－１５,総合,POINT (139.818798 35.6946101)
13,東京都,1310370783,社会福祉法人恩賜財団母子愛育会総合母子保健センター愛育病院,東京都港区芝浦一丁目１６番１０号,総合,POINT (139.7524253 35.6459651)
13,東京都,1310415042,東京女子医科大学病院,東京都新宿区河田町８番１号,総合,POINT (139.7203396 35.6979038)
13,東京都,1311113356,東邦大学医療センター大森病院,東京都大田区大森西六丁目１１番１号,総合,POINT (139.7239993 35.5690615)
13,東京都,1311919588,帝京大学医学部附属病院,東京都板橋区加賀二丁目１１番１号,総合,POINT (139.7141346 35.7590135)
13,東京都,1313619285,杏林大学医学部付属病院,東京都三鷹市新川六丁目２０番２号,総合,POINT (139.5666474 35.6777358)
13,東京都,1311315233,日本赤十字社医療センター,東京都渋谷区広尾四丁目１番２２号,総合,POINT (139.717874 35.654537)
13,東京都,1311911502,日本大学医学部附属板橋病院,東京都板橋区大谷口上町３０番１号,総合,POINT (139.6911582 35.7491772)
13,東京都,1310915413,昭和医科大学病院,東京都品川区旗の台一丁目５番８号,総合,POINT (139.7035454 35.6083232)
13,東京都,1311671023,地方独立行政法人東京都立病院機構東京都立大塚病院,東京都豊島区南大塚二丁目８番１号,総合,POINT (139.731863 35.7252408)
13,東京都,1313870151,地方独立行政法人東京都立病院機構東京都立小児総合医療センター,東京都府中市武蔵台二丁目８番地の２９,総合,POINT (139.4606953 35.6922899)
13,東京都,1318814790,東京大学医学部附属病院,東京都文京区本郷七丁目３番１号,総合,POINT (139.7655924 35.7117352)
13,東京都,1318615312,国立研究開発法人国立成育医療研究センター,東京都世田谷区大蔵二丁目１０番１号,総合,POINT (139.6116259 35.6332956)
13,東京都,1310310243,東京慈恵会医科大学附属病院,東京都港区西新橋三丁目１９番１８号,総合,POINT (139.7499189 35.662837)
13,東京都,1310270751,聖路加国際病院,東京都中央区明石町９番１号,地域,POINT (139.7767072 35.6674403)
13,東京都,1310415018,東京医科大学病院,東京都新宿区西新宿六丁目７番１号,地域,POINT (139.6925124 35.6937646)
13,東京都,1310415067,慶應義塾大学病院,東京都新宿区信濃町３５番地,地域,POINT (139.7181283 35.6814273)
13,東京都,1310514836,順天堂大学医学部附属順天堂医院,東京都文京区本郷三丁目１番３号,地域,POINT (139.7626339 35.7024159)
13,東京都,1310710772,社会福祉法人賛育会賛育会病院,東京都墨田区太平三丁目２０番２号,地域,POINT (139.8143273 35.7022648)
13,東京都,1312070928,学校法人順天堂順天堂大学医学部附属練馬病院,東京都練馬区高野台三丁目１番１０号,地域,POINT (139.6149691 35.7424595)
13,東京都,1312171577,東京女子医科大学附属足立医療センター,東京都足立区江北四丁目３３番１号,地域,POINT (139.7666194 35.7738242)
13,東京都,1312271120,東京かつしか赤十字母子医療センター,東京都葛飾区新宿三丁目７番１号,地域,POINT (139.8624702 35.7614347)
13,東京都,1310870980,昭和医科大学江東豊洲病院,東京都江東区豊洲五丁目１番３８号,地域,POINT (139.796291 35.6503893)
13,東京都,1313315728,武蔵野赤十字病院,東京都武蔵野市境南町一丁目２６番１号,地域,POINT (139.5477847 35.6968442)
13,東京都,1313214160,町田市民病院,東京都町田市旭町二丁目１５番４１号,地域,POINT (139.4385875 35.5567926)
13,東京都,1318615072,国立健康危機管理研究機構国立国際医療センター,東京都新宿区戸山一丁目２１番１号,地域,POINT (139.716339 35.7016562)
13,東京都,1314314407,公立昭和病院,東京都小平市花小金井八丁目１番１号,地域,POINT (139.5033371 35.7312975)
13,東京都,1318814774,東京科学大学病院,東京都文京区湯島一丁目５番４５号,地域,POINT (139.7643266 35.7017138)
13,東京都,1313015716,国家公務員共済組合連合会立川病院,東京都立川市錦町四丁目２番２２号,地域,POINT (139.421475 35.6931299)
14,神奈川県,1410504746,神奈川県立こども医療センター,神奈川県横浜市南区六ツ川２－１３８－４,総合,POINT (139.5793649 35.4214767)
14,神奈川県,1412602126,北里大学病院,神奈川県相模原市南区北里１－１５－１,総合,POINT (139.3930011 35.5380249)
14,神奈川県,1414000279,東海大学医学部付属病院,神奈川県伊勢原市下糟屋１４３,総合,POINT (139.3154685 35.4067609)
14,神奈川県,1410504449,公立大学法人横浜市立大学附属市民総合医療センター,神奈川県横浜市南区浦舟町４－５７,総合,POINT (139.6243832 35.4340281)
14,神奈川県,1415500293,聖マリアンナ医科大学病院,神奈川県川崎市宮前区菅生２－１６－１,総合,POINT (139.5497296 35.6002714)
14,神奈川県,1413202702,聖マリアンナ医科大学横浜市西部病院,神奈川県横浜市旭区矢指町１１９７－１,地域,POINT (139.5025988 35.4769192)
14,神奈川県,1411900091,国家公務員共済組合連合会横須賀共済病院,神奈川県横須賀市米が浜通１－１６,地域,POINT (139.6738871 35.2770428)
14,神奈川県,1412300812,小田原市立病院,神奈川県小田原市久野４６,地域,POINT (139.1516629 35.2678137)
14,神奈川県,1415211107,日本医科大学武蔵小杉病院,神奈川県川崎市中原区小杉町１－３８３,地域,POINT (139.6580974 35.5805558)
14,神奈川県,1410904227,独立行政法人労働者健康安全機構横浜労災病院,神奈川県横浜市港北区小机町３２１１,地域,POINT (139.6108691 35.5108655)
14,神奈川県,1412202778,藤沢市民病院,神奈川県藤沢市藤沢２－６－１,地域,POINT (139.4822456 35.3507902)
14,神奈川県,1410803304,公立大学法人横浜市立大学附属病院,神奈川県横浜市金沢区福浦３－９,地域,POINT (139.6506282 35.3444846)
14,神奈川県,1413801255,昭和医科大学横浜市北部病院,神奈川県横浜市都筑区茅ケ崎中央３５－１,地域,POINT (139.570149 35.5467479)
14,神奈川県,1412600757,独立行政法人地域医療機能推進機構相模野病院,神奈川県相模原市中央区淵野辺１－２－３０,地域,POINT (139.3885253 35.5731021)
14,神奈川県,1419811373,横浜市立市民病院,神奈川県横浜市神奈川区三ツ沢西町１－１,地域,POINT (139.6048159 35.4688213)
14,神奈川県,1410105122,社会福祉法人恩賜財団済生会支部神奈川県済生会横浜市東部病院,神奈川県横浜市鶴見区下末吉３－６－１,地域,POINT (139.6750681 35.5238904)
14,神奈川県,1415000054,川崎市立川崎病院,神奈川県川崎市川崎区新川通１２－１,地域,POINT (139.7060219 35.5267127)
14,神奈川県,1419900028,独立行政法人国立病院機構横浜医療センター,神奈川県横浜市戸塚区原宿３－６０－２,地域,POINT (139.5046871 35.3811296)
14,神奈川県,1412400034,茅ヶ崎市立病院,神奈川県茅ヶ崎市本村５－１５－１,地域,POINT (139.4152016 35.3399816)
14,神奈川県,1419805821,横浜市立みなと赤十字病院,神奈川県横浜市中区新山下３－１２－１,地域,POINT (139.6636713 35.4363698)
14,神奈川県,1411911353,横須賀市立総合医療センター,神奈川県横須賀市神明町１番地８,地域,POINT (139.7025503 35.2255768)
14,神奈川県,1413103439,社会福祉法人恩賜財団済生会支部神奈川県済生会横浜市南部病院,神奈川県横浜市港南区港南台３－２－１０,地域,POINT (139.5790415 35.3754012)
15,新潟県,1510212721,長岡赤十字病院,新潟県長岡市千秋２丁目２９７番地１,総合,POINT (138.8292969 37.4601428)
15,新潟県,1510124652,新潟市民病院,新潟県新潟市中央区鐘木４６３番地７,総合,POINT (139.0412235 37.8757148)
15,新潟県,1518910011,新潟大学医歯学総合病院,新潟県新潟市中央区旭町通一番町７５４番地,総合,POINT (139.0354263 37.9193741)
15,新潟県,1510612003,新潟県立新発田病院,新潟県新発田市本町１丁目２番８号,地域,POINT (139.3338084 37.9467517)
15,新潟県,1510120734,社会福祉法人恩賜財団済生会新潟病院,新潟県新潟市西区寺地２８０－７,地域,POINT (139.0049413 37.8790777)
15,新潟県,1510213489,新潟県厚生農業協同組合連合会長岡中央綜合病院,新潟県長岡市川崎町２０４１番地,地域,POINT (138.8784913 37.4509888)
15,新潟県,1510311804,新潟県立中央病院,新潟県上越市新南町２０５番地,地域,POINT (138.2705791 37.1064886)
15,新潟県,1512410463,新潟県地域医療推進機構魚沼基幹病院,新潟県南魚沼市浦佐４１３２番地,地域,POINT (138.9360248 37.1712539)
16,富山県,1610110023,富山県立中央病院,富山県富山市西長江２丁目２番７８号,総合,POINT (137.2374892 36.692521)
16,富山県,1610710012,黒部市民病院,富山県黒部市三日市１１０８番地１,地域,POINT (137.4411183 36.870994)
16,富山県,1610113647,富山市立富山市民病院,富山県富山市今泉北部町２番地１,地域,POINT (137.2124842 36.6726695)
16,富山県,1610210377,富山県厚生農業協同組合連合会高岡病院,富山県高岡市永楽町５番１０号,地域,POINT (136.9956197 36.7433594)
16,富山県,1610810010,市立砺波総合病院,富山県砺波市新富町１番６１号,地域,POINT (136.950864 36.6403005)
16,富山県,1618010035,国立大学法人富山大学附属病院,富山県富山市杉谷２６３０,地域,POINT (137.1404994 36.6797981)
17,石川県,1710113786,石川県立中央病院,石川県金沢市鞍月東２丁目１番地,総合,POINT (136.6295832 36.5962686)
17,石川県,1718010091,国立大学法人金沢大学附属病院,石川県金沢市宝町１３番１号,地域,POINT (136.6730611 36.5572189)
17,石川県,1711410363,金沢医科大学病院,石川県河北郡内灘町大学１丁目１番地,地域,POINT (136.6464904 36.6577157)
17,石川県,1718010018,独立行政法人国立病院機構金沢医療センター,石川県金沢市下石引町１番１号,地域,POINT (136.6655566 36.5604465)
18,福井県,1810117059,福井県立病院,福井県福井市四ツ井２－８－１,総合,POINT (136.2382742 36.0689537)
18,福井県,1818010058,福井大学医学部附属病院,福井県吉田郡永平寺町松岡下合月２３－３,総合,POINT (136.2937049 36.1084643)
18,福井県,1810120418,医療法人福井愛育病院,福井県福井市新保２丁目３０１,地域,POINT (136.251141 36.078322)
18,福井県,1810118909,福井県済生会病院,福井県福井市和田中町舟橋７－１,地域,POINT (136.2527535 36.0469536)
18,福井県,1810117117,福井赤十字病院,福井県福井市月見２－４－１,地域,POINT (136.2134064 36.0475414)
18,福井県,1810214070,市立敦賀病院,福井県敦賀市三島町１－６－６０,地域,POINT (136.064234 35.652424)
18,福井県,1810414068,杉田玄白記念公立小浜病院,福井県小浜市大手町２－２,地域,POINT (135.7458507 35.4944264)
19,山梨県,1910112398,山梨県立中央病院,山梨県甲府市富士見一丁目１－１,総合,POINT (138.5502419 35.6709483)
19,山梨県,1912110952,山梨大学医学部附属病院,山梨県中央市下河東１１１０,地域,POINT (138.5386189 35.6099858)
19,山梨県,1912110028,独立行政法人国立病院機構甲府病院,山梨県甲府市天神町１１－３５,地域,POINT (138.567479 35.677208)
19,山梨県,1910114451,市立甲府病院,山梨県甲府市増坪町３６６,地域,POINT (138.5909737 35.6343941)
19,山梨県,1911210886,国民健康保険富士吉田市立病院,山梨県富士吉田市上吉田東七丁目１１番１号,地域,POINT (138.8061887 35.4649113)
19,山梨県,1911310553,山梨赤十字病院,山梨県南都留郡富士河口湖町船津６６６３－１,地域,POINT (138.7672413 35.4858049)
20,長野県,2014017046,長野県立こども病院,長野県安曇野市豊科３１００,総合,POINT (137.9207616 36.2842861)
20,長野県,2010517023,飯田市立病院,長野県飯田市八幡町４３８,地域,POINT (137.8360962 35.4993124)
20,長野県,2018010013,国立大学法人信州大学医学部附属病院,長野県松本市旭３－１－１,地域,POINT (137.9789113 36.2492045)
20,長野県,2018010062,独立行政法人国立病院機構信州上田医療センター,長野県上田市緑が丘１丁目２７番２１号,地域,POINT (138.2514669 36.4130166)
20,長野県,2010117063,長野赤十字病院,長野県長野市若里五丁目２２番１号,地域,POINT (138.1905369 36.6272944)
20,長野県,2011717523,長野県厚生農業協同組合連合会佐久総合病院佐久医療センター,長野県佐久市中込３４００番地２８,地域,POINT (138.4720767 36.2518249)
20,長野県,2010917363,伊那中央病院,長野県伊那市小四郎久保１３１３番地１,地域,POINT (137.9550091 35.8558486)
20,長野県,2011117047,長野県厚生農業協同組合連合会北信総合病院,長野県中野市西一丁目５番６３号,地域,POINT (138.3658639 36.746722)
20,長野県,2010617039,諏訪赤十字病院,長野県諏訪市湖岸通り５丁目１１ー５０,地域,POINT (138.1067823 36.0429193)
20,長野県,2010117345,長野県厚生農業協同組合連合会南長野医療センター篠ノ井総合病院,長野県長野市篠ノ井会６６６－１,地域,POINT (138.1495958 36.5744868)
21,岐阜県,2110111438,岐阜県総合医療センター,岐阜県岐阜市野一色４－６－１,総合,POINT (136.7988606 35.41054)
21,岐阜県,2112100827,大垣市民病院,岐阜県大垣市南頬町４－８６,地域,POINT (136.6220781 35.3527319)
21,岐阜県,2111101560,岐阜県立多治見病院,岐阜県多治見市前畑町５－１６１,地域,POINT (137.1114907 35.3284395)
21,岐阜県,2112700485,高山赤十字病院,岐阜県高山市天満町３－１１,地域,POINT (137.25454 36.137163)
21,岐阜県,2119806442,岐阜大学医学部附属病院,岐阜県岐阜市柳戸１－１,地域,POINT (136.7333646 35.4682979)
22,静岡県,2217110861,社会福祉法人聖隷福祉事業団総合病院聖隷浜松病院,静岡県浜松市中央区住吉二丁目１２番１２号,総合,POINT (137.7250735 34.7304852)
22,静岡県,2210310146,順天堂大学医学部附属静岡病院,静岡県伊豆の国市長岡１１２９番地,総合,POINT (138.9356385 35.0296979)
22,静岡県,2214210789,静岡県立こども病院,静岡県静岡市葵区漆山８６０番地,総合,POINT (138.3968014 35.0194822)
22,静岡県,2214211332,静岡市立静岡病院,静岡県静岡市葵区追手町１０－９３,地域,POINT (138.3801865 34.9784301)
22,静岡県,2211160011,沼津市立病院,静岡県沼津市東椎路字春ノ木５５０,地域,POINT (138.8352077 35.1197689)
22,静岡県,2212310094,富士市立中央病院,静岡県富士市高島町５０番地,地域,POINT (138.670807 35.158321)
22,静岡県,2214160042,静岡済生会総合病院,静岡県静岡市駿河区小鹿一丁目１番１号,地域,POINT (138.4135675 34.9755611)
22,静岡県,2215160058,焼津市立総合病院,静岡県焼津市道原１０００番地,地域,POINT (138.306428 34.8375599)
22,静岡県,2216710067,磐田市立総合病院,静岡県磐田市大久保５１２－３,地域,POINT (137.8569124 34.7686485)
22,静岡県,2219610488,浜松医科大学医学部附属病院,静岡県浜松市中央区半田山一丁目２０番１号,地域,POINT (137.7437546 34.7700718)
22,静岡県,2217110465,浜松医療センター,静岡県浜松市中央区富塚町３２８番地,地域,POINT (137.7009487 34.7153899)
22,静岡県,2217160205,社会福祉法人聖隷福祉事業団総合病院聖隷三方原病院,静岡県浜松市中央区三方原町３４５３,地域,POINT (137.6905641 34.7922698)
22,静岡県,2215310554,藤枝市立総合病院,静岡県藤枝市駿河台四丁目１番１１号,地域,POINT (138.23003 34.8611583)
23,愛知県,2310500240,日本赤十字社愛知医療センター名古屋第一病院,愛知県名古屋市中村区道下町３－３５,総合,POINT (136.8625293 35.1717621)
23,愛知県,2310802406,名古屋市立大学病院,愛知県名古屋市瑞穂区瑞穂町川澄１,総合,POINT (136.9352144 35.1397135)
23,愛知県,2310700337,日本赤十字社愛知医療センター名古屋第二病院,愛知県名古屋市昭和区妙見町２－９,総合,POINT (136.9658447 35.1449571)
23,愛知県,2319900110,名古屋大学医学部附属病院,愛知県名古屋市昭和区鶴舞町６５,総合,POINT (136.9215522 35.158132)
23,愛知県,2314800166,藤田医科大学病院,愛知県豊明市沓掛町田楽ケ窪１－９８,総合,POINT (137.0010459 35.0712144)
23,愛知県,2313100105,愛知県厚生農業協同組合連合会安城更生病院,愛知県安城市安城町東広畔２８,総合,POINT (137.0776164 34.9401519)
23,愛知県,2312000066,豊橋市民病院,愛知県豊橋市青竹町八間西５０,総合,POINT (137.348784 34.7606814)
23,愛知県,2310303876,名古屋市立大学医学部附属西部医療センター,愛知県名古屋市北区平手町１－１－１,地域,POINT (136.9013259 35.2021053)
23,愛知県,2311201541,大同病院,愛知県名古屋市南区白水町９,地域,POINT (136.907075 35.0748582)
23,愛知県,2317500011,愛知県厚生農業協同組合連合会海南病院,愛知県弥富市前ケ須町南本田３９６,地域,POINT (136.7231245 35.1083752)
23,愛知県,2312300243,公立陶生病院,愛知県瀬戸市西追分町１６０,地域,POINT (137.0823215 35.2256746)
23,愛知県,2317700017,愛知医科大学病院,愛知県長久手市岩作雁又１－１,地域,POINT (137.0494666 35.1914691)
23,愛知県,2312200369,一宮市立市民病院,愛知県一宮市文京２－２－２２,地域,POINT (136.8056846 35.3127359)
23,愛知県,2313800035,小牧市民病院,愛知県小牧市常普請１－２０,地域,POINT (136.9158972 35.2874776)
23,愛知県,2313000230,トヨタ記念病院,愛知県豊田市平和町１－１,地域,POINT (137.1755591 35.0567624)
23,愛知県,2312100593,岡崎市民病院,愛知県岡崎市高隆寺町五所合３－１,地域,POINT (137.2037693 34.9495318)
23,愛知県,2312402213,知多半島総合医療センター,愛知県半田市横山町１９２,地域,POINT (136.8863446 34.9009737)
23,愛知県,2313600138,愛知県厚生農業協同組合連合会江南厚生病院,愛知県江南市高屋町大松原１３７,地域,POINT (136.8779894 35.3550941)
23,愛知県,2312900026,医療法人豊田会刈谷豊田総合病院,愛知県刈谷市住吉町５－１５,地域,POINT (137.0060834 34.9835089)
24,三重県,2414000030,独立行政法人国立病院機構三重中央医療センター,三重県津市久居明神町２１５８－５,総合,POINT (136.4648617 34.6861631)
24,三重県,2410205047,市立四日市病院,三重県四日市市芝田二丁目２番３７号,総合,POINT (136.6078787 34.9720413)
24,三重県,2414000022,国立大学法人三重大学医学部附属病院,三重県津市江戸橋２丁目１７４番地,地域,POINT (136.5214951 34.7425763)
24,三重県,2410805507,伊勢赤十字病院,三重県伊勢市船江一丁目４７１番２,地域,POINT (136.7116288 34.5026289)
24,三重県,2410215632,三重県立総合医療センター,三重県四日市市大字日永５４５０番地１３２,地域,POINT (136.5895441 34.9431085)
25,滋賀県,2510100155,大津赤十字病院,滋賀県大津市長等一丁目１番３５号,総合,POINT (135.8596908 35.0070248)
25,滋賀県,2519902650,滋賀医科大学医学部附属病院,滋賀県大津市瀬田月輪町,総合,POINT (135.9514271 34.9737852)
25,滋賀県,2510401322,近江八幡市立総合医療センター,滋賀県近江八幡市土田町１３７９番地,地域,POINT (136.0873353 35.1242787)
25,滋賀県,2510300102,長浜赤十字病院,滋賀県長浜市宮前町１４番７号,地域,POINT (136.2737373 35.3836347)
26,京都府,2619700038,京都第一赤十字病院,京都府京都市東山区本町十五丁目七四九,総合,POINT (135.7729141 34.9811043)
26,京都府,2619900042,国立大学法人京都大学医学部附属病院,京都府京都市左京区聖護院川原町５４番地,総合,POINT (135.777181 35.020181)
26,京都府,2619600303,京都府立医科大学附属病院,京都府京都市上京区河原町通広小路上る梶井町４６５,総合,POINT (135.7696036 35.0237778)
26,京都府,2619600337,京都府立医科大学附属北部医療センター,京都府与謝郡与謝野町字男山４８１番地,地域,POINT (135.1656699 35.5696674)
26,京都府,2619900026,独立行政法人国立病院機構舞鶴医療センター,京都府舞鶴市字行永２４１０,地域,POINT (135.4025653 35.4639371)
26,京都府,2619700095,国家公務員共済組合連合会舞鶴共済病院,京都府舞鶴市字浜１０３５,地域,POINT (135.391508 35.4693645)
26,京都府,2619600212,市立福知山市民病院,京都府福知山市厚中町２３１,地域,POINT (135.112295 35.303634)
26,京都府,2611800950,綾部市立病院,京都府綾部市青野町大塚２０－１,地域,POINT (135.2547275 35.307275)
26,京都府,2619600063,京都中部総合医療センター,京都府南丹市八木町八木上野２５,地域,POINT (135.5301332 35.0712166)
26,京都府,2619900018,独立行政法人国立病院機構京都医療センター,京都府京都市伏見区深草向畑町１－１,地域,POINT (135.7743413 34.9536694)
26,京都府,2619600311,京都市立病院,京都府京都市中京区壬生東高田町１番地の２,地域,POINT (135.735075 34.996921)
26,京都府,2619700012,京都第二赤十字病院,京都府京都市上京区釜座通丸太町上ル春帯町３５５－５,地域,POINT (135.7561359 35.0188166)
26,京都府,2614000095,社会福祉法人京都社会事業財団京都桂病院,京都府京都市西京区山田平尾町１７,地域,POINT (135.6876757 34.9822186)
26,京都府,2610600294,日本バプテスト病院,京都府京都市左京区北白川山ノ元町４７,地域,POINT (135.7960231 35.0333869)
26,京都府,2614003180,医療法人社団志高会三菱京都病院,京都府京都市西京区桂御所町１番地,地域,POINT (135.7016259 34.9879444)
26,京都府,2619700137,社会福祉法人恩賜財団京都府済生会京都済生会病院,京都府長岡京市下海印寺下内田１０１番地,地域,POINT (135.6864688 34.9160755)
26,京都府,2611203692,医療法人徳洲会宇治徳洲会病院,京都府宇治市槇島町石橋１４５番,地域,POINT (135.7870889 34.9031836)
26,京都府,2613200209,医療法人社団石鎚会京都田辺中央病院,京都府京田辺市田辺中央六丁目１番地６,地域,POINT (135.7718082 34.8219716)
26,京都府,2619600154,京都山城総合医療センター,京都府木津川市木津駅前１丁目２７番地,地域,POINT (135.8239419 34.7357076)
27,大阪府,2710502879,地方独立行政法人大阪府立病院機構大阪母子医療センター,大阪府和泉市室堂町８４０番地,総合,POINT (135.4736064 34.4715151)
27,大阪府,2710903218,社会医療法人愛仁会高槻病院,大阪府高槻市古曽部町一丁目３番１３号,総合,POINT (135.620627 34.8558584)
27,大阪府,2714302631,社会福祉法人石井記念愛染園附属愛染橋病院,大阪府大阪市浪速区日本橋五丁目１６番１５号,総合,POINT (135.5049661 34.657632)
27,大阪府,2712406970,関西医科大学附属病院,大阪府枚方市新町二丁目３番１号,総合,POINT (135.644823 34.817621)
27,大阪府,2719900249,大阪大学医学部附属病院,大阪府吹田市山田丘２番１５号,総合,POINT (135.5279983 34.8194248)
27,大阪府,2715204364,大阪市立総合医療センター,大阪府大阪市都島区都島本通２丁目１３－２２,総合,POINT (135.5238468 34.7075334)
27,大阪府,2719600153,社会福祉法人恩賜財団大阪府済生会吹田病院,大阪府吹田市川園町１番２号,地域,POINT (135.5348539 34.7620798)
27,大阪府,2719801504,市立豊中病院,大阪府豊中市柴原町四丁目１４番１号,地域,POINT (135.4582003 34.8023901)
27,大阪府,2715013617,地方独立行政法人市立東大阪医療センター,大阪府東大阪市西岩田三丁目４番５号,地域,POINT (135.5971107 34.6660228)
27,大阪府,2711003422,社会医療法人愛仁会千船病院,大阪府大阪市西淀川区福町三丁目２番３９号,地域,POINT (135.4435269 34.7004955)
27,大阪府,2716100314,ベルランド総合病院,大阪府堺市中区東山５００番地３,地域,POINT (135.5080433 34.5179715)
27,大阪府,2714502438,りんくう総合医療センター,大阪府泉佐野市りんくう往来北２番地の２３,地域,POINT (135.3026225 34.4118982)
27,大阪府,2711700753,大阪赤十字病院,大阪府大阪市天王寺区筆ケ崎町５番３０号,地域,POINT (135.5254942 34.6646583)
27,大阪府,2713007421,宗教法人在日本南プレスビテリアンミッション淀川キリスト教病院,大阪府大阪市東淀川区柴島１丁目７番５０号,地域,POINT (135.5117469 34.7296828)
27,大阪府,2719300119,近畿大学病院,大阪府大阪狭山市大野東３７７番地の２,地域,POINT (135.5497646 34.4770628)
27,大阪府,2710900503,大阪医科薬科大学病院,大阪府高槻市大学町２番７号,地域,POINT (135.6244571 34.8516549)
27,大阪府,2719801686,八尾市立病院,大阪府八尾市龍華町一丁目３番１号,地域,POINT (135.5867834 34.6208822)
27,大阪府,2719900256,国立研究開発法人国立循環器病研究センター,大阪府吹田市岸部新町６番１号,地域,POINT (135.5408218 34.7793616)
27,大阪府,2714107774,公益財団法人田附興風会医学研究所北野病院,大阪府大阪市北区扇町二丁目４番２０号,地域,POINT (135.5068338 34.7052569)
27,大阪府,2714802226,阪南中央病院,大阪府松原市南新町三丁目３番２８号,地域,POINT (135.536571 34.574264)
27,大阪府,2710600624,泉大津市立周産期小児医療センター,大阪府泉大津市下条町１６番１号,地域,POINT (135.414003 34.501596)
27,大阪府,2712006622,地方独立行政法人大阪府立病院機構大阪急性期・総合医療センター,大阪府大阪市住吉区万代東三丁目１番５６号,地域,POINT (135.5055288 34.6161652)
27,大阪府,2712306360,大阪公立大学医学部附属病院,大阪府大阪市阿倍野区旭町一丁目５番７号,地域,POINT (135.5088889 34.6468708)
28,兵庫県,2815108218,兵庫県立こども病院,兵庫県神戸市中央区港島南町１丁目６番７号,総合,POINT (135.2177807 34.6625283)
28,兵庫県,2815107418,神戸市立医療センター中央市民病院,兵庫県神戸市中央区港島南町２丁目１番地１,総合,POINT (135.2141912 34.6600502)
28,兵庫県,2819900099,神戸大学医学部附属病院,兵庫県神戸市中央区楠町７丁目５－２,総合,POINT (135.1706724 34.6850985)
28,兵庫県,2810904579,兵庫医科大学病院,兵庫県西宮市武庫川町１－１,総合,POINT (135.3791108 34.7186529)
28,兵庫県,2814009037,姫路赤十字病院,兵庫県姫路市下手野１丁目１２－１,総合,POINT (134.6474326 34.8437973)
28,兵庫県,2813026297,兵庫県立尼崎総合医療センター,兵庫県尼崎市東難波町２丁目１７番７７号,総合,POINT (135.4133985 34.7300449)
28,兵庫県,2815001538,済生会兵庫県病院,兵庫県神戸市北区藤原台中町５丁目１－１,地域,POINT (135.2151711 34.8233304)
28,兵庫県,2819800026,兵庫県立西宮病院,兵庫県西宮市六湛寺町１３－９,地域,POINT (135.3404288 34.7380337)
28,兵庫県,2812204747,加古川中央市民病院,兵庫県加古川市加古川町本町４３９番地,地域,POINT (134.8325118 34.7714277)
28,兵庫県,2812006431,社会医療法人愛仁会明石医療センター,兵庫県明石市大久保町八木７４３－３３,地域,POINT (134.9376619 34.6746958)
28,兵庫県,2814400939,公立豊岡病院組合立豊岡病院,兵庫県豊岡市戸牧１０９４番地,地域,POINT (134.806311 35.526593)
28,兵庫県,2811501358,兵庫県立淡路医療センター,兵庫県洲本市塩屋１丁目１番１３７号,地域,POINT (134.8957392 34.3471052)
29,奈良県,2919801833,奈良県立医科大学附属病院,奈良県橿原市四条町８４０番地,総合,POINT (135.7927036 34.503872)
29,奈良県,2910111539,奈良県総合医療センター,奈良県奈良市七条西町二丁目８９７番５,地域,POINT (135.7675247 34.6624224)
30,和歌山県,3018012785,和歌山県立医科大学附属病院,和歌山県和歌山市紀三井寺８１１番地１,総合,POINT (135.1818777 34.1876547)
30,和歌山県,3018210595,紀南病院,和歌山県田辺市新庄町４６番地７０,地域,POINT (135.4041153 33.7305984)
30,和歌山県,3018210124,日本赤十字社和歌山医療センター,和歌山県和歌山市小松原通４丁目２０番地,地域,POINT (135.168584 34.220399)
31,鳥取県,3118010028,鳥取大学医学部附属病院,鳥取県米子市西町３６番地１,総合,POINT (133.3239342 35.428328)
31,鳥取県,3110111097,鳥取県立中央病院,鳥取県鳥取市江津７３０,地域,POINT (134.2124974 35.5215988)
32,島根県,3215010046,島根大学医学部附属病院,島根県出雲市塩冶町８９番１,総合,POINT (132.7532047 35.3477573)
32,島根県,3210412015,島根県立中央病院,島根県出雲市姫原四丁目１番地１,地域,POINT (132.7543674 35.3745597)
32,島根県,3210110049,松江赤十字病院,島根県松江市母衣町２００番地,地域,POINT (133.0570507 35.4709984)
32,島根県,3210810036,益田赤十字病院,島根県益田市乙吉町イ１０３番地１,地域,POINT (131.84137 34.6840516)
33,岡山県,3310210012,公益財団法人大原記念倉敷中央医療機構倉敷中央病院,岡山県倉敷市美和１丁目１番１号,総合,POINT (133.7757508 34.6022904)
33,岡山県,3319800037,独立行政法人国立病院機構岡山医療センター,岡山県岡山市北区田益１７１１－１,総合,POINT (133.8995481 34.708054)
33,岡山県,3319800011,岡山大学病院,岡山県岡山市北区鹿田町２－５－１,地域,POINT (133.9206523 34.6507388)
33,岡山県,3318800061,岡山赤十字病院,岡山県岡山市北区青江二丁目１番１号,地域,POINT (133.9232356 34.6356114)
33,岡山県,3310210608,川崎医科大学附属病院,岡山県倉敷市松島５７７番地,地域,POINT (133.8113921 34.6320287)
33,岡山県,3310310531,津山中央病院,岡山県津山市川崎１７５６番地,地域,POINT (134.039789 35.0647746)
34,広島県,3410126977,県立広島病院,広島県広島市南区宇品神田一丁目５番５４号,総合,POINT (132.4665088 34.3669522)
34,広島県,3410124378,地方独立行政法人広島市立病院機構広島市立広島市民病院,広島県広島市中区基町７番３３号,総合,POINT (132.4599565 34.3978597)
34,広島県,3418010017,広島大学病院,広島県広島市南区霞１丁目２－３,地域,POINT (132.4781029 34.3795683)
34,広島県,3410110252,医療法人あかね会土谷総合病院,広島県広島市中区中島町３－３０,地域,POINT (132.4515584 34.3903212)
34,広島県,3418010033,独立行政法人国立病院機構呉医療センター,広島県呉市青山町３－１,地域,POINT (132.565652 34.239492)
34,広島県,3410513638,独立行政法人労働者健康安全機構中国労災病院,広島県呉市広多賀谷１－５－１,地域,POINT (132.6136903 34.2306652)
34,広島県,3418010066,独立行政法人国立病院機構東広島医療センター,広島県東広島市西条町寺家５１３,地域,POINT (132.7233075 34.4482906)
34,広島県,3411112067,広島県厚生農業協同組合連合会尾道総合病院,広島県尾道市平原１丁目１０番２３号,地域,POINT (133.1763404 34.4071982)
34,広島県,3418010041,独立行政法人国立病院機構福山医療センター,広島県福山市沖野上町４丁目１４－１７,地域,POINT (133.370615 34.470461)
34,広島県,3411910809,市立三次中央病院,広島県三次市東酒屋町１０５３１番地,地域,POINT (132.8677063 34.782032)
35,山口県,3510612546,山口県立総合医療センター,山口県防府市大字大崎１００７７番地,総合,POINT (131.5423735 34.0661685)
35,山口県,3518810050,山口大学医学部附属病院,山口県宇部市南小串１丁目１番１号,総合,POINT (131.2487163 33.9596989)
35,山口県,3518812684,独立行政法人国立病院機構岩国医療センター,山口県岩国市愛宕町１丁目１－１,地域,POINT (132.2033032 34.1433917)
35,山口県,3510510187,独立行政法人地域医療機能推進機構徳山中央病院,山口県周南市孝田町１番１号,地域,POINT (131.8340667 34.0476286)
35,山口県,3510310398,綜合病院山口赤十字病院,山口県山口市八幡馬場５３番地１,地域,POINT (131.4824696 34.1846811)
35,山口県,3510116357,山口県済生会下関総合病院,山口県下関市安岡町８丁目５番１号,地域,POINT (130.9310655 34.0314535)
36,徳島県,3618010015,徳島大学病院,徳島県徳島市蔵本町２丁目５０番地の１,総合,POINT (134.51858 34.0742112)
36,徳島県,3610124921,徳島市民病院,徳島県徳島市北常三島町２丁目３４番地,地域,POINT (134.5632281 34.0820782)
36,徳島県,3610310157,徳島赤十字病院,徳島県小松島市小松島町字井利ノ口１０３番地,地域,POINT (134.5833875 34.0124044)
36,徳島県,3610124913,徳島県立中央病院,徳島県徳島市蔵本町１丁目１０－３,地域,POINT (134.5205759 34.0757624)
37,香川県,3718010048,独立行政法人国立病院機構四国こどもとおとなの医療センター,香川県善通寺市仙遊町二丁目１番１号,総合,POINT (133.7709285 34.2287155)
37,香川県,3718011186,香川大学医学部附属病院,香川県木田郡三木町大字池戸１７５０番地１,総合,POINT (134.1231934 34.2922833)
37,香川県,3717010239,高松赤十字病院,香川県高松市番町四丁目１番３号,地域,POINT (134.0430437 34.340779)
38,愛媛県,3810118483,愛媛県立中央病院,愛媛県松山市春日町８３番地,総合,POINT (132.7647708 33.8322879)
38,愛媛県,3818010047,愛媛大学医学部附属病院,愛媛県東温市志津川,地域,POINT (132.879822 33.803313)
38,愛媛県,3810118111,松山赤十字病院,愛媛県松山市文京町１番地,地域,POINT (132.7743961 33.8485276)
38,愛媛県,3810310510,市立宇和島病院,愛媛県宇和島市御殿町１番１号,地域,POINT (132.565066 33.2162721)
38,愛媛県,3810518062,愛媛県立新居浜病院,愛媛県新居浜市本郷三丁目１番１号,地域,POINT (133.2805037 33.9328943)
38,愛媛県,3810218028,愛媛県立今治病院,愛媛県今治市石井町４丁目５番５号,地域,POINT (132.9875466 34.0855421)
39,高知県,3910118128,高知県・高知市病院企業団立高知医療センター,高知県高知市池２１２５番地１,総合,POINT (133.5857862 33.5313244)
39,高知県,3918010525,高知大学医学部附属病院,高知県南国市岡豊町小蓮１８５番地１,地域,POINT (133.6143536 33.5944738)
40,福岡県,4011119445,福岡大学病院,福岡県福岡市城南区七隈７丁目４５番１号,総合,POINT (130.3597825 33.5476464)
40,福岡県,4012219012,久留米大学病院,福岡県久留米市旭町６７番地,総合,POINT (130.5107536 33.3259416)
40,福岡県,4012219038,聖マリア病院,福岡県久留米市津福本町４２２,総合,POINT (130.5093766 33.3036761)
40,福岡県,4017912132,北九州市立医療センター,福岡県北九州市小倉北区馬借２－１－１,総合,POINT (130.878991 33.879332)
40,福岡県,4019819897,九州大学病院,福岡県福岡市東区馬出３丁目１－１,総合,POINT (130.4156777 33.6091588)
40,福岡県,4016619217,産業医科大学病院,福岡県北九州市八幡西区医生ケ丘１－１,総合,POINT (130.7138283 33.8778921)
40,福岡県,4015519145,飯塚病院,福岡県飯塚市芳雄町３番８３号,総合,POINT (130.6914312 33.6419013)
40,福岡県,4019919929,独立行政法人国立病院機構九州医療センター,福岡県福岡市中央区地行浜１丁目８番１号,地域,POINT (130.3612443 33.5922543)
40,福岡県,4011619105,医療法人徳洲会福岡徳洲会病院,福岡県春日市須玖北４丁目５,地域,POINT (130.4471822 33.5437724)
40,福岡県,4016619175,独立行政法人地域医療機能推進機構九州病院,福岡県北九州市八幡西区岸の浦一丁目８番１号,地域,POINT (130.7657401 33.8573754)
40,福岡県,4019919986,独立行政法人国立病院機構小倉医療センター,福岡県北九州市小倉南区春ケ丘１０番１号,地域,POINT (130.8836289 33.8493896)
40,福岡県,4010213355,地方独立行政法人福岡市立病院機構福岡市立こども病院,福岡県福岡市東区香椎照葉五丁目１番１号,地域,POINT (130.4186958 33.662263)
41,佐賀県,4119910018,独立行政法人国立病院機構佐賀病院,佐賀県佐賀市日の出一丁目２０番１号,総合,POINT (130.2937139 33.2762065)
41,佐賀県,4119910067,佐賀大学医学部附属病院,佐賀県佐賀市鍋島５丁目１番１号,地域,POINT (130.2669196 33.284383)
41,佐賀県,4119811349,佐賀県医療センター好生館,佐賀県佐賀市嘉瀬町中原４００番地,地域,POINT (130.2681812 33.2417094)
42,長崎県,4218010066,独立行政法人国立病院機構長崎医療センター,長崎県大村市久原２丁目１００１－１,総合,POINT (129.9736465 32.8964124)
42,長崎県,4218010132,長崎大学病院,長崎県長崎市坂本１丁目７－１,総合,POINT (129.868454 32.7699191)
42,長崎県,4218124586,地方独立行政法人長崎市立病院機構長崎みなとメディカルセンタ―,長崎県長崎市新地町６番３９号,地域,POINT (129.872465 32.7398044)
42,長崎県,4218124677,佐世保市総合医療センター,長崎県佐世保市平瀬町９番地３　,地域,POINT (129.7161445 33.1726892)
43,熊本県,4318210327,熊本市立熊本市民病院,熊本県熊本市東区東町４丁目１－６０,総合,POINT (130.7631327 32.7874918)
43,熊本県,4318111269,熊本大学病院,熊本県熊本市中央区本荘１－１－１,総合,POINT (130.7113956 32.7962541)
43,熊本県,4310119922,福田病院,熊本県熊本市中央区新町２－２－６,地域,POINT (130.6987098 32.8000889)
43,熊本県,4318210079,熊本赤十字病院,熊本県熊本市東区長嶺南２－１－１　,地域,POINT (130.7635811 32.8080736)
44,大分県,4418310100,大分県立病院,大分県大分市豊饒二丁目８番１号,総合,POINT (131.5988785 33.2069424)
44,大分県,4418010023,独立行政法人国立病院機構別府医療センター,大分県別府市大字内竃１４７３番地,地域,POINT (131.4870728 33.3319143)
44,大分県,4410312153,中津市立中津市民病院,大分県中津市大字下池永１７３番地,地域,POINT (131.216207 33.5903001)
44,大分県,4418210672,大分大学医学部附属病院,大分県由布市挾間町医大ケ丘１丁目１番地,地域,POINT (131.5348937 33.2095201)
45,宮崎県,4518010063,宮崎大学医学部附属病院,宮崎県宮崎市清武町木原５２００番地,総合,POINT (131.39841 31.8403)
45,宮崎県,4518110020,県立宮崎病院,宮崎県宮崎市北高松町５番３０号,地域,POINT (131.4170536 31.9172723)
45,宮崎県,4510120241,宮崎市郡医師会病院,宮崎県宮崎市大字有田１１７３番地,地域,POINT (131.3696619 31.940717)
45,宮崎県,4510115043,古賀総合病院,宮崎県宮崎市池内町数太木１７４９番地１,地域,POINT (131.410756 31.971275)
45,宮崎県,4518010022,独立行政法人国立病院機構都城医療センター,宮崎県都城市祝吉町５０３３番地１,地域,POINT (131.085619 31.739209)
45,宮崎県,4518110103,県立日南病院,宮崎県日南市木山１丁目９番５号,地域,POINT (131.3952586 31.5910857)
45,宮崎県,4518110087,県立延岡病院,宮崎県延岡市新小路２丁目１番地１０,地域,POINT (131.6665062 32.5704915)
46,鹿児島県,4610126635,鹿児島市立病院,鹿児島県鹿児島市上荒田町３７番１号,総合,POINT (130.5421092 31.5742559)
46,鹿児島県,4610127898,いまきいれ総合病院,鹿児島県鹿児島市高麗町４３番２５号,地域,POINT (130.5533434 31.5778896)
46,鹿児島県,4611510084,社会福祉法人恩賜財団済生会川内病院,鹿児島県薩摩川内市原田町２番４６号,地域,POINT (130.3059296 31.8272387)
46,鹿児島県,4616010072,県民健康プラザ鹿屋医療センター,鹿児島県鹿屋市札元一丁目８ー８,地域,POINT (130.8694169 31.3934151)
46,鹿児島県,4616010056,県立大島病院,鹿児島県奄美市名瀬真名津町１８番１号,地域,POINT (129.500979 28.367285)
46,鹿児島県,4618010211,鹿児島大学病院,鹿児島県鹿児島市桜ケ丘八丁目３５番１号,地域,POINT (130.5279392 31.5471586)
47,沖縄県,4718110028,沖縄県立中部病院,沖縄県うるま市宮里２８１番地,総合,POINT (127.8355766 26.354237)
47,沖縄県,4718110176,沖縄県立南部医療センター・こども医療センター,沖縄県島尻郡南風原町新川１１８番地の１,総合,POINT (127.7236024 26.2053186)
47,沖縄県,4710117153,地方独立行政法人那覇市立病院,沖縄県那覇市古島２丁目３１番地１,地域,POINT (127.709198 26.2266582)
47,沖縄県,4718110184,沖縄赤十字病院,沖縄県那覇市与儀１丁目３番１号,地域,POINT (127.6927325 26.2068948)
47,沖縄県,4718010103,琉球大学病院,沖縄県宜野湾市字喜友名１０７６番地,地域,POINT (127.7669242 26.2895082)
47,沖縄県,4718110192,沖縄県立宮古病院,沖縄県宮古島市平良字下里４２７番１,地域,POINT (125.2758946 24.7995411)
47,沖縄県,4718110200,沖縄県立八重山病院,沖縄県石垣市真栄里５８４番地１,地域,POINT (124.1837994 24.3434955)
47,沖縄県,4718110150,沖縄県立北部病院,沖縄県名護市大中２－１２－３,地域,POINT (127.9861902 26.5923593)